{"stats":{"minecraft:crafted":{"minecraft:golden_carrot":3,"minecraft:cherry_planks":8,"minecraft:oak_planks":136,"minecraft:cobblestone_slab":12,"minecraft:furnace":1,"minecraft:cooked_mutton":27,"minecraft:diamond_helmet":1,"minecraft:iron_boots":1,"minecraft:diamond_leggings":1,"minecraft:iron_axe":1,"minecraft:stone_pickaxe":2,"minecraft:chest":2,"minecraft:diamond_boots":1,"minecraft:redstone_block":6,"minecraft:minecart":1,"minecraft:cooked_beef":6,"minecraft:coal_block":8,"minecraft:emerald":158,"minecraft:cooked_porkchop":13,"minecraft:diamond_axe":1,"minecraft:crafting_table":2,"minecraft:spruce_planks":2576,"minecraft:wooden_pickaxe":1,"minecraft:baked_potato":36,"minecraft:iron_sword":1,"minecraft:gold_block":3,"minecraft:bucket":1,"minecraft:stone_axe":1,"minecraft:air":0,"minecraft:iron_chestplate":1,"minecraft:gold_nugget":27,"minecraft:diamond_pickaxe":1,"minecraft:shield":2,"minecraft:stick":5200,"minecraft:iron_ingot":65,"minecraft:iron_pickaxe":1,"minecraft:iron_block":3,"minecraft:iron_leggings":1,"minecraft:gold_ingot":36,"minecraft:white_bed":2,"minecraft:torch":372,"minecraft:diamond_chestplate":1},"minecraft:dropped":{"minecraft:iron_ingot":5,"minecraft:bread":2,"minecraft:wheat_seeds":2,"minecraft:bookshelf":5,"minecraft:crafting_table":1,"minecraft:smithing_table":6,"minecraft:poisonous_potato":2,"minecraft:feather":1,"minecraft:cobblestone":5,"minecraft:book":30,"minecraft:saddle":1,"minecraft:coal":2,"minecraft:dirt":3,"minecraft:brewing_stand":3,"minecraft:torch":12,"minecraft:chipped_anvil":3,"minecraft:iron_pickaxe":2,"minecraft:iron_shovel":1,"minecraft:white_wool":17,"minecraft:spruce_sapling":2,"minecraft:redstone":9,"minecraft:moss_carpet":15,"minecraft:blackstone":6,"minecraft:sugar_cane":3,"minecraft:cobbled_deepslate":22,"minecraft:obsidian":7,"minecraft:rotten_flesh":61,"minecraft:grindstone":2,"minecraft:oak_planks":4,"minecraft:name_tag":2,"minecraft:cooked_mutton":2,"minecraft:blast_furnace":4,"minecraft:filled_map":1,"minecraft:mud_bricks":1,"minecraft:gunpowder":1,"minecraft:spruce_planks":64,"minecraft:howl_pottery_sherd":1,"minecraft:azalea":2,"minecraft:diamond_boots":1,"minecraft:arrow":1,"minecraft:nautilus_shell":1,"minecraft:brick":3,"minecraft:lectern":2},"minecraft:broken":{"minecraft:stone_pickaxe":2,"minecraft:iron_axe":1,"minecraft:stone_axe":1},"minecraft:picked_up":{"minecraft:crafting_table":10,"minecraft:chicken":1,"minecraft:smithing_table":6,"minecraft:wooden_pickaxe":2,"minecraft:brewing_stand":3,"minecraft:brick":3,"minecraft:shield":1,"minecraft:string":14,"minecraft:moss_carpet":15,"minecraft:raw_copper":2,"minecraft:iron_shovel":1,"minecraft:blackstone":6,"minecraft:cobbled_deepslate":171,"minecraft:spruce_planks":1,"minecraft:beef":7,"minecraft:cobblestone_slab":3,"minecraft:azalea":3,"minecraft:iron_pickaxe":2,"minecraft:lectern":2,"minecraft:sugar_cane":5,"minecraft:furnace":11,"minecraft:stick":8,"minecraft:raw_iron":99,"minecraft:green_bed":1,"minecraft:torch":25,"minecraft:porkchop":14,"minecraft:carrot":21,"minecraft:redstone":64,"minecraft:howl_pottery_sherd":1,"minecraft:rotten_flesh":90,"minecraft:diamond_boots":1,"minecraft:mutton":41,"minecraft:obsidian":7,"minecraft:rail":1,"minecraft:white_wool":34,"minecraft:cobblestone":260,"minecraft:nautilus_shell":1,"minecraft:feather":1,"minecraft:mud_bricks":1,"minecraft:golden_carrot":3,"minecraft:leather":4,"minecraft:potato":53,"minecraft:tuff":20,"minecraft:oak_log":47,"minecraft:dirt":10,"minecraft:lapis_lazuli":124,"minecraft:bone":13,"minecraft:chipped_anvil":3,"minecraft:wheat_seeds":6,"minecraft:raw_gold":40,"minecraft:iron_ingot":12,"minecraft:grindstone":2,"minecraft:stone_pickaxe":1,"minecraft:oak_planks":6,"minecraft:pumpkin":4,"minecraft:poisonous_potato":2,"minecraft:stripped_spruce_log":2,"minecraft:spruce_sapling":20,"minecraft:blast_furnace":4,"minecraft:white_bed":7,"minecraft:spruce_log":645,"minecraft:diamond":35,"minecraft:stone_axe":1,"minecraft:netherrack":15,"minecraft:coal":447},"minecraft:used":{"minecraft:chest":2,"minecraft:spruce_planks":5,"minecraft:shield":193,"minecraft:iron_sword":211,"minecraft:torch":378,"minecraft:dirt":7,"minecraft:carrot":18,"minecraft:tuff":13,"minecraft:axolotl_bucket":1,"minecraft:iron_axe":247,"minecraft:iron_boots":1,"minecraft:golden_carrot":3,"minecraft:beef":1,"minecraft:furnace":11,"minecraft:cooked_beef":3,"minecraft:potato":41,"minecraft:cobbled_deepslate":147,"minecraft:cooked_mutton":24,"minecraft:water_bucket":18,"minecraft:oak_planks":1,"minecraft:stone_pickaxe":256,"minecraft:baked_potato":30,"minecraft:wooden_pickaxe":16,"minecraft:diamond_axe":440,"minecraft:cobblestone_slab":9,"minecraft:golden_apple":1,"minecraft:crafting_table":9,"minecraft:white_bed":9,"minecraft:spruce_log":1,"minecraft:book":1,"minecraft:oak_log":4,"minecraft:diamond_pickaxe":434,"minecraft:bread":22,"minecraft:iron_pickaxe":188,"minecraft:spruce_sapling":18,"minecraft:stone_axe":89,"minecraft:cobblestone":166,"minecraft:porkchop":1,"minecraft:cooked_porkchop":10,"minecraft:bucket":20},"minecraft:mined":{"minecraft:tuff":18,"minecraft:spruce_planks":1,"minecraft:white_bed":7,"minecraft:deepslate_diamond_ore":35,"minecraft:brewing_stand":3,"minecraft:obsidian":7,"minecraft:glow_lichen":2,"minecraft:grass_block":2,"minecraft:decorated_pot":1,"minecraft:spruce_leaves":17,"minecraft:mud_bricks":1,"minecraft:moss_block":2,"minecraft:furnace":10,"minecraft:carrots":6,"minecraft:iron_ore":59,"minecraft:cobbled_deepslate":19,"minecraft:pumpkin":4,"minecraft:stripped_spruce_log":2,"minecraft:deepslate_lapis_ore":7,"minecraft:potatoes":15,"minecraft:deepslate_iron_ore":23,"minecraft:vine":1,"minecraft:azalea":1,"minecraft:stone":190,"minecraft:green_bed":1,"minecraft:smithing_table":2,"minecraft:deepslate_redstone_ore":14,"minecraft:blackstone":19,"minecraft:crimson_nylium":3,"minecraft:crafting_table":8,"minecraft:torch":2,"minecraft:short_grass":16,"minecraft:blast_furnace":4,"minecraft:cobblestone":14,"minecraft:tall_grass":14,"minecraft:deepslate_coal_ore":3,"minecraft:lapis_ore":6,"minecraft:deepslate_gold_ore":30,"minecraft:grindstone":2,"minecraft:oak_planks":1,"minecraft:sugar_cane":2,"minecraft:wall_torch":4,"minecraft:spruce_log":649,"minecraft:coal_ore":213,"minecraft:oak_log":34,"minecraft:dirt":7,"minecraft:cobweb":4,"minecraft:netherrack":13,"minecraft:gold_ore":2,"minecraft:chipped_anvil":2,"minecraft:oak_leaves":2,"minecraft:deepslate":176},"minecraft:custom":{"minecraft:interact_with_anvil":2,"minecraft:mob_kills":101,"minecraft:interact_with_crafting_table":47,"minecraft:open_barrel":11,"minecraft:leave_game":12,"minecraft:time_since_death":46,"minecraft:climb_one_cm":4794,"minecraft:sprint_one_cm":730033,"minecraft:walk_one_cm":540419,"minecraft:damage_blocked_by_shield":6671,"minecraft:drop":70,"minecraft:talked_to_villager":66,"minecraft:play_time":386098,"minecraft:deaths":11,"minecraft:sneak_time":24181,"minecraft:walk_under_water_one_cm":101131,"minecraft:jump":5889,"minecraft:walk_on_water_one_cm":98688,"minecraft:enchant_item":2,"minecraft:total_world_time":386098,"minecraft:interact_with_furnace":80,"minecraft:traded_with_villager":158,"minecraft:sleep_in_bed":21,"minecraft:time_since_rest":74,"minecraft:damage_taken":7481,"minecraft:damage_absorbed":40,"minecraft:damage_dealt":13590,"minecraft:swim_one_cm":333138,"minecraft:fly_one_cm":1021803,"minecraft:open_chest":66,"minecraft:crouch_one_cm":49917,"minecraft:fall_one_cm":143020},"minecraft:killed_by":{"minecraft:player":7},"minecraft:killed":{"minecraft:spider":4,"minecraft:skeleton":12,"minecraft:chicken":1,"minecraft:drowned":11,"minecraft:piglin":2,"minecraft:pig":5,"minecraft:zombie_villager":1,"minecraft:sheep":21,"minecraft:zombie":26,"minecraft:cow":3}},"DataVersion":3953}