{"stats":{"minecraft:dropped":{"minecraft:iron_sword":3,"minecraft:lapis_lazuli":10,"minecraft:cooked_beef":9,"minecraft:oak_log":4,"minecraft:diamond":46,"minecraft:netherite_upgrade_smithing_template":1,"minecraft:rooted_dirt":3,"minecraft:emerald":25,"minecraft:dirt":3,"minecraft:crimson_roots":2,"minecraft:gold_nugget":128,"minecraft:bone_meal":7,"minecraft:sunflower":3,"minecraft:white_wool":27,"minecraft:gold_ingot":27,"minecraft:bone":5,"minecraft:oak_door":2,"minecraft:gravel":67,"minecraft:stone_axe":1,"minecraft:blackstone":10,"minecraft:iron_nugget":12,"minecraft:cobbled_deepslate":11,"minecraft:wheat":1,"minecraft:obsidian":1,"minecraft:rotten_flesh":18,"minecraft:oak_planks":5,"minecraft:cooked_mutton":7,"minecraft:nether_brick_fence":1,"minecraft:carrot":219,"minecraft:gunpowder":9,"minecraft:chainmail_boots":23,"minecraft:bread":19,"minecraft:wheat_seeds":17,"minecraft:mossy_cobblestone":3,"minecraft:golden_horse_armor":1,"minecraft:oak_fence":2,"minecraft:iron_helmet":6,"minecraft:cobblestone":2,"minecraft:book":4,"minecraft:stick":11,"minecraft:torch":14,"minecraft:lodestone":1,"minecraft:smooth_quartz":2,"minecraft:iron_leggings":1,"minecraft:chainmail_leggings":1,"minecraft:string":21,"minecraft:dandelion":2,"minecraft:smooth_basalt":3,"minecraft:redstone":8,"minecraft:furnace":1,"minecraft:kelp":19,"minecraft:soul_torch":2,"minecraft:coarse_dirt":1,"minecraft:tuff":23,"minecraft:diamond_hoe":6,"minecraft:iron_boots":14,"minecraft:stone_slab":2,"minecraft:nether_bricks":7,"minecraft:flint_and_steel":2,"minecraft:deepslate_bricks":4,"minecraft:filled_map":1,"minecraft:spruce_boat":1,"minecraft:spruce_planks":50,"minecraft:diamond_pickaxe":3,"minecraft:iron_chestplate":2,"minecraft:andesite":7,"minecraft:purple_bed":1,"minecraft:spider_eye":5,"minecraft:diamond_boots":1,"minecraft:blue_orchid":24,"minecraft:stone_pickaxe":1,"minecraft:wooden_pickaxe":1,"minecraft:raw_gold":25,"minecraft:calcite":4},"minecraft:used":{"minecraft:cherry_sapling":5,"minecraft:iron_shovel":257,"minecraft:spruce_slab":43,"minecraft:diamond_hoe":252,"minecraft:bone_block":36,"minecraft:chest":35,"minecraft:white_terracotta":1,"minecraft:shield":57,"minecraft:iron_sword":436,"minecraft:soul_sand":2,"minecraft:carrot":261,"minecraft:tuff":19,"minecraft:obsidian":24,"minecraft:spruce_boat":2,"minecraft:magma_block":2,"minecraft:furnace":5,"minecraft:potato":40,"minecraft:stone_pickaxe":46,"minecraft:wooden_pickaxe":6,"minecraft:composter":12,"minecraft:sugar_cane":9,"minecraft:diamond_axe":3848,"minecraft:golden_apple":5,"minecraft:blast_furnace":14,"minecraft:crossbow":57,"minecraft:bread":70,"minecraft:lectern":236,"minecraft:polished_andesite_slab":1,"minecraft:diamond_sword":669,"minecraft:grindstone":2,"minecraft:smithing_table":4,"minecraft:compass":1,"minecraft:bone_meal":340,"minecraft:enchanting_table":1,"minecraft:flint_and_steel":52,"minecraft:spruce_planks":817,"minecraft:netherrack":131,"minecraft:oak_door":3,"minecraft:torch":212,"minecraft:dirt":154,"minecraft:hopper":6,"minecraft:chipped_anvil":2,"minecraft:bookshelf":25,"minecraft:iron_axe":675,"minecraft:diamond_chestplate":1,"minecraft:golden_carrot":6,"minecraft:cooked_beef":12,"minecraft:cobbled_deepslate":899,"minecraft:iron_leggings":1,"minecraft:wheat_seeds":58,"minecraft:cooked_mutton":9,"minecraft:water_bucket":70,"minecraft:baked_potato":31,"minecraft:spruce_sign":14,"minecraft:fletching_table":89,"minecraft:deepslate_bricks":4,"minecraft:mossy_cobblestone":3,"minecraft:crafting_table":11,"minecraft:white_bed":8,"minecraft:spruce_log":8,"minecraft:smoker":6,"minecraft:diamond_pickaxe":3136,"minecraft:spruce_pressure_plate":1,"minecraft:iron_pickaxe":406,"minecraft:spruce_trapdoor":10,"minecraft:spruce_sapling":265,"minecraft:stone_axe":90,"minecraft:cobbled_deepslate_slab":65,"minecraft:purple_bed":1,"minecraft:cobblestone":440,"minecraft:cooked_porkchop":54,"minecraft:bucket":72,"minecraft:pumpkin_pie":1,"minecraft:yellow_bed":5,"minecraft:kelp":154,"minecraft:soul_torch":1},"minecraft:crafted":{"minecraft:grindstone":1,"minecraft:smooth_stone":6,"minecraft:oak_planks":48,"minecraft:chainmail_helmet":18,"minecraft:stone":9,"minecraft:bookshelf":16,"minecraft:cooked_mutton":14,"minecraft:spruce_pressure_plate":6,"minecraft:diamond_helmet":1,"minecraft:diamond_leggings":1,"minecraft:iron_boots":18,"minecraft:chest":17,"minecraft:smoker":2,"minecraft:emerald":728,"minecraft:arrow":128,"minecraft:cooked_porkchop":35,"minecraft:diamond_axe":2,"minecraft:crafting_table":2,"minecraft:spruce_planks":12840,"minecraft:iron_helmet":14,"minecraft:wooden_pickaxe":1,"minecraft:baked_potato":32,"minecraft:smithing_table":1,"minecraft:fletching_table":5,"minecraft:spruce_trapdoor":8,"minecraft:lectern":1,"minecraft:iron_chestplate":1,"minecraft:diamond_pickaxe":2,"minecraft:shield":2,"minecraft:stick":23083,"minecraft:stone_slab":6,"minecraft:iron_ingot":392,"minecraft:iron_pickaxe":3,"minecraft:gold_ingot":88,"minecraft:composter":3,"minecraft:deepslate_bricks":4,"minecraft:golden_carrot":38,"minecraft:oak_door":3,"minecraft:cobbled_deepslate_slab":42,"minecraft:coal":18,"minecraft:diamond_hoe":6,"minecraft:spruce_button":64,"minecraft:furnace":5,"minecraft:blast_furnace":2,"minecraft:bone_meal":607,"minecraft:flint_and_steel":1,"minecraft:polished_deepslate":4,"minecraft:iron_axe":3,"minecraft:spruce_slab":66,"minecraft:stone_pickaxe":1,"minecraft:diamond_boots":1,"minecraft:spruce_boat":1,"minecraft:chainmail_leggings":4,"minecraft:wheat":99,"minecraft:cooked_beef":21,"minecraft:crossbow":1,"minecraft:diamond_sword":1,"minecraft:spruce_sign":24,"minecraft:enchanting_table":1,"minecraft:iron_sword":1,"minecraft:cooked_salmon":2,"minecraft:bucket":6,"minecraft:stone_axe":11,"minecraft:enchanted_book":15,"minecraft:air":0,"minecraft:bread":51,"minecraft:gold_nugget":243,"minecraft:chainmail_boots":24,"minecraft:iron_shovel":1,"minecraft:iron_leggings":1,"minecraft:white_bed":1,"minecraft:torch":188,"minecraft:diamond_chestplate":1},"minecraft:picked_up":{"minecraft:iron_chestplate":3,"minecraft:wheat":69,"minecraft:chainmail_boots":23,"minecraft:nether_brick_fence":1,"minecraft:smithing_table":5,"minecraft:stone_slab":2,"minecraft:enchanted_book":8,"minecraft:brewing_stand":3,"minecraft:amethyst_block":6,"minecraft:string":36,"minecraft:raw_copper":5,"minecraft:explorer_pottery_sherd":1,"minecraft:iron_leggings":1,"minecraft:red_sand":1,"minecraft:gold_nugget":241,"minecraft:cobbled_deepslate":1527,"minecraft:bucket":3,"minecraft:spruce_planks":420,"minecraft:calcite":4,"minecraft:smooth_quartz":5,"minecraft:coal_block":2,"minecraft:furnace":5,"minecraft:mangrove_log":7,"minecraft:iron_boots":15,"minecraft:spruce_pressure_plate":1,"minecraft:stick":173,"minecraft:composter":9,"minecraft:oak_fence":5,"minecraft:torch":48,"minecraft:porkchop":41,"minecraft:cherry_log":32,"minecraft:cauldron":6,"minecraft:rotten_flesh":90,"minecraft:cyan_terracotta":14,"minecraft:bookshelf":5,"minecraft:white_terracotta":2,"minecraft:blaze_rod":10,"minecraft:obsidian":27,"minecraft:iron_bars":4,"minecraft:cobblestone":666,"minecraft:nautilus_shell":1,"minecraft:magma_block":2,"minecraft:cooked_beef":2,"minecraft:cherry_planks":4,"minecraft:water_bucket":2,"minecraft:andesite":11,"minecraft:smoker":5,"minecraft:potato":107,"minecraft:flint":19,"minecraft:tuff":57,"minecraft:danger_pottery_sherd":1,"minecraft:lapis_lazuli":64,"minecraft:dirt":179,"minecraft:bone":54,"minecraft:chipped_anvil":3,"minecraft:wheat_seeds":316,"minecraft:raw_gold":65,"minecraft:cobbled_deepslate_slab":26,"minecraft:grindstone":3,"minecraft:fletching_table":84,"minecraft:bamboo":23,"minecraft:oak_planks":19,"minecraft:ghast_tear":1,"minecraft:cooked_porkchop":21,"minecraft:nether_brick_stairs":1,"minecraft:spectral_arrow":1,"minecraft:barrel":1,"minecraft:mossy_cobblestone":7,"minecraft:diamond":164,"minecraft:spruce_boat":2,"minecraft:bone_meal":52,"minecraft:golden_apple":1,"minecraft:emerald":3,"minecraft:spruce_sign":1,"minecraft:golden_horse_armor":1,"minecraft:bread":34,"minecraft:rooted_dirt":3,"minecraft:netherrack":193,"minecraft:crimson_roots":5,"minecraft:diamond_pickaxe":2,"minecraft:mud":2,"minecraft:coarse_dirt":10,"minecraft:crafting_table":11,"minecraft:nether_wart":20,"minecraft:gold_block":4,"minecraft:flint_and_steel":1,"minecraft:compass":1,"minecraft:blackstone":16,"minecraft:blue_orchid":24,"minecraft:beef":23,"minecraft:player_head":1,"minecraft:iron_nugget":12,"minecraft:spruce_slab":13,"minecraft:lectern":235,"minecraft:sugar_cane":10,"minecraft:chest":22,"minecraft:spruce_trapdoor":6,"minecraft:diamond_hoe":2,"minecraft:raw_iron":550,"minecraft:oak_door":2,"minecraft:carrot":607,"minecraft:redstone":56,"minecraft:howl_pottery_sherd":2,"minecraft:nether_bricks":7,"minecraft:deepslate_bricks":4,"minecraft:diamond_boots":1,"minecraft:hay_block":11,"minecraft:totem_of_undying":1,"minecraft:gold_ingot":10,"minecraft:mutton":19,"minecraft:bone_block":94,"minecraft:white_wool":36,"minecraft:golden_carrot":11,"minecraft:burn_pottery_sherd":1,"minecraft:glow_ink_sac":2,"minecraft:salmon":2,"minecraft:leather":7,"minecraft:filled_map":1,"minecraft:oak_log":20,"minecraft:yellow_bed":5,"minecraft:gunpowder":9,"minecraft:cooked_mutton":3,"minecraft:kelp":301,"minecraft:iron_ingot":9,"minecraft:polished_andesite_slab":1,"minecraft:arms_up_pottery_sherd":1,"minecraft:iron_sword":3,"minecraft:soul_sand":21,"minecraft:book":84,"minecraft:smooth_basalt":6,"minecraft:quartz":166,"minecraft:dandelion":2,"minecraft:gravel":152,"minecraft:amethyst_shard":152,"minecraft:soul_torch":6,"minecraft:spruce_sapling":348,"minecraft:blast_furnace":16,"minecraft:white_bed":7,"minecraft:spruce_log":3660,"minecraft:spider_eye":11,"minecraft:purple_bed":2,"minecraft:slime_ball":14,"minecraft:chainmail_leggings":1,"minecraft:iron_helmet":6,"minecraft:cherry_sapling":9,"minecraft:warped_roots":2,"minecraft:lodestone":1,"minecraft:coal":201,"minecraft:hopper":6,"minecraft:sunflower":3},"minecraft:mined":{"minecraft:large_amethyst_bud":1,"minecraft:spruce_planks":286,"minecraft:white_bed":7,"minecraft:farmland":10,"minecraft:cherry_log":32,"minecraft:red_nether_bricks":2,"minecraft:brewing_stand":3,"minecraft:obsidian":17,"minecraft:spruce_trapdoor":6,"minecraft:budding_amethyst":2,"minecraft:red_sand":2,"minecraft:grass_block":35,"minecraft:cracked_polished_blackstone_bricks":2,"minecraft:coal_block":2,"minecraft:deepslate_bricks":4,"minecraft:crimson_fungus":1,"minecraft:composter":10,"minecraft:frosted_ice":7,"minecraft:hopper":3,"minecraft:nether_wart":8,"minecraft:gilded_blackstone":1,"minecraft:spawner":1,"minecraft:polished_blackstone_bricks":3,"minecraft:tall_seagrass":1,"minecraft:magma_block":2,"minecraft:red_nether_brick_stairs":3,"minecraft:iron_ore":182,"minecraft:barrel":1,"minecraft:cobbled_deepslate":199,"minecraft:fire":52,"minecraft:deepslate_lapis_ore":8,"minecraft:fletching_table":85,"minecraft:nether_brick_stairs":1,"minecraft:water_cauldron":8,"minecraft:iron_bars":5,"minecraft:spruce_pressure_plate":1,"minecraft:spruce_slab":11,"minecraft:deepslate_redstone_ore":4,"minecraft:soul_wall_torch":1,"minecraft:cyan_terracotta":22,"minecraft:blackstone":69,"minecraft:kelp_plant":24,"minecraft:medium_amethyst_bud":1,"minecraft:smoker":4,"minecraft:crimson_nylium":25,"minecraft:soul_fire":7,"minecraft:amethyst_cluster":17,"minecraft:torch":6,"minecraft:blast_furnace":12,"minecraft:calcite":4,"minecraft:chest":18,"minecraft:nether_quartz_ore":77,"minecraft:cobblestone":278,"minecraft:oak_planks":14,"minecraft:sugar_cane":6,"minecraft:grindstone":1,"minecraft:wall_torch":26,"minecraft:spruce_sign":1,"minecraft:amethyst_block":7,"minecraft:cauldron":1,"minecraft:seagrass":1,"minecraft:white_terracotta":3,"minecraft:mud":2,"minecraft:wheat":100,"minecraft:oak_log":16,"minecraft:dirt":169,"minecraft:smooth_quartz":5,"minecraft:mangrove_log":9,"minecraft:smooth_basalt":9,"minecraft:netherrack":199,"minecraft:oak_leaves":6,"minecraft:deepslate":1116,"minecraft:infested_deepslate":1,"minecraft:nether_gold_ore":31,"minecraft:diamond_ore":2,"minecraft:tuff":79,"minecraft:mossy_cobblestone":38,"minecraft:deepslate_diamond_ore":90,"minecraft:oak_door":2,"minecraft:nether_bricks":7,"minecraft:ladder":2,"minecraft:cobbled_deepslate_slab":24,"minecraft:decorated_pot":1,"minecraft:crimson_roots":2,"minecraft:redstone_wire":2,"minecraft:polished_andesite_slab":1,"minecraft:spruce_leaves":153,"minecraft:kelp":1,"minecraft:rooted_dirt":1,"minecraft:large_fern":2,"minecraft:hay_block":11,"minecraft:redstone_ore":5,"minecraft:spruce_sapling":32,"minecraft:furnace":4,"minecraft:carrots":181,"minecraft:red_sandstone":1,"minecraft:andesite":43,"minecraft:gold_block":4,"minecraft:nether_brick_fence":1,"minecraft:bookshelf":10,"minecraft:potatoes":30,"minecraft:deepslate_iron_ore":125,"minecraft:vine":7,"minecraft:bamboo":2,"minecraft:stone":529,"minecraft:bone_block":48,"minecraft:podzol":2,"minecraft:smithing_table":3,"minecraft:gray_concrete":2,"minecraft:glass_pane":2,"minecraft:cherry_planks":5,"minecraft:soul_sand":21,"minecraft:oak_fence":4,"minecraft:crafting_table":10,"minecraft:short_grass":513,"minecraft:warped_roots":1,"minecraft:lectern":235,"minecraft:stone_slab":2,"minecraft:copper_ore":1,"minecraft:tall_grass":175,"minecraft:lapis_ore":1,"minecraft:deepslate_gold_ore":11,"minecraft:lily_pad":1,"minecraft:purple_bed":2,"minecraft:red_terracotta":4,"minecraft:coarse_dirt":1,"minecraft:magenta_terracotta":1,"minecraft:birch_leaves":2,"minecraft:spruce_log":3671,"minecraft:mangrove_leaves":72,"minecraft:yellow_bed":5,"minecraft:coal_ore":92,"minecraft:end_rod":1,"minecraft:cherry_leaves":82,"minecraft:sunflower":4,"minecraft:gravel":186,"minecraft:lodestone":1,"minecraft:cobweb":21,"minecraft:chipped_anvil":1,"minecraft:gold_ore":4,"minecraft:iron_trapdoor":1},"minecraft:custom":{"minecraft:interact_with_crafting_table":107,"minecraft:open_barrel":65,"minecraft:leave_game":50,"minecraft:time_since_death":991686,"minecraft:sprint_one_cm":2300103,"minecraft:damage_blocked_by_shield":2456,"minecraft:drop":271,"minecraft:talked_to_villager":610,"minecraft:play_time":991686,"minecraft:jump":20464,"minecraft:walk_on_water_one_cm":186240,"minecraft:enchant_item":12,"minecraft:interact_with_furnace":77,"minecraft:traded_with_villager":849,"minecraft:sleep_in_bed":50,"minecraft:damage_dealt":57056,"minecraft:crouch_one_cm":66450,"minecraft:interact_with_smoker":48,"minecraft:horse_one_cm":2189500,"minecraft:interact_with_smithing_table":3,"minecraft:interact_with_anvil":23,"minecraft:mob_kills":361,"minecraft:climb_one_cm":12916,"minecraft:walk_one_cm":2351168,"minecraft:damage_dealt_absorbed":2683,"minecraft:sneak_time":19642,"minecraft:walk_under_water_one_cm":213380,"minecraft:boat_one_cm":52072,"minecraft:interact_with_lectern":2,"minecraft:interact_with_blast_furnace":48,"minecraft:total_world_time":991686,"minecraft:interact_with_grindstone":15,"minecraft:time_since_rest":105078,"minecraft:damage_taken":7265,"minecraft:damage_absorbed":162,"minecraft:swim_one_cm":308968,"minecraft:fly_one_cm":3747876,"minecraft:open_chest":550,"minecraft:fall_one_cm":571049},"minecraft:killed":{"minecraft:cave_spider":2,"minecraft:witch":1,"minecraft:spider":21,"minecraft:skeleton":43,"minecraft:chicken":1,"minecraft:illusioner":1,"minecraft:magma_cube":17,"minecraft:piglin":5,"minecraft:pig":19,"minecraft:salmon":3,"minecraft:creeper":12,"minecraft:sheep":16,"minecraft:pillager":17,"minecraft:zombie":94,"minecraft:ghast":5,"minecraft:blaze":35,"minecraft:cow":12,"minecraft:evoker":1,"minecraft:vex":2,"minecraft:vindicator":8,"minecraft:slime":15,"minecraft:horse":1,"minecraft:drowned":2,"minecraft:hoglin":2,"minecraft:wither_skeleton":2}},"DataVersion":3953}