{"stats":{"minecraft:dropped":{"minecraft:iron_sword":3,"minecraft:lapis_lazuli":10,"minecraft:cooked_beef":9,"minecraft:rooted_dirt":3,"minecraft:dirt":2,"minecraft:bone_meal":7,"minecraft:sunflower":3,"minecraft:white_wool":27,"minecraft:gold_ingot":10,"minecraft:bone":2,"minecraft:oak_door":2,"minecraft:gravel":2,"minecraft:stone_axe":1,"minecraft:blackstone":10,"minecraft:iron_nugget":12,"minecraft:cobbled_deepslate":11,"minecraft:wheat":1,"minecraft:rotten_flesh":18,"minecraft:oak_planks":3,"minecraft:cooked_mutton":7,"minecraft:nether_brick_fence":1,"minecraft:carrot":191,"minecraft:bread":19,"minecraft:wheat_seeds":8,"minecraft:oak_fence":2,"minecraft:cobblestone":2,"minecraft:stick":3,"minecraft:torch":14,"minecraft:string":8,"minecraft:dandelion":2,"minecraft:furnace":1,"minecraft:coarse_dirt":1,"minecraft:tuff":2,"minecraft:diamond_hoe":6,"minecraft:iron_boots":1,"minecraft:nether_bricks":7,"minecraft:filled_map":1,"minecraft:spruce_planks":50,"minecraft:iron_chestplate":1,"minecraft:andesite":7,"minecraft:purple_bed":1,"minecraft:spider_eye":1,"minecraft:diamond_boots":1,"minecraft:blue_orchid":24,"minecraft:stone_pickaxe":1,"minecraft:wooden_pickaxe":1,"minecraft:raw_gold":25,"minecraft:calcite":4},"minecraft:used":{"minecraft:cherry_sapling":5,"minecraft:iron_shovel":257,"minecraft:spruce_slab":41,"minecraft:diamond_hoe":252,"minecraft:chest":13,"minecraft:shield":42,"minecraft:iron_sword":436,"minecraft:carrot":247,"minecraft:obsidian":10,"minecraft:spruce_boat":2,"minecraft:furnace":5,"minecraft:potato":22,"minecraft:stone_pickaxe":46,"minecraft:wooden_pickaxe":6,"minecraft:composter":12,"minecraft:sugar_cane":9,"minecraft:diamond_axe":2022,"minecraft:blast_furnace":14,"minecraft:crossbow":15,"minecraft:bread":55,"minecraft:lectern":236,"minecraft:polished_andesite_slab":1,"minecraft:diamond_sword":192,"minecraft:grindstone":2,"minecraft:smithing_table":4,"minecraft:bone_meal":304,"minecraft:enchanting_table":1,"minecraft:flint_and_steel":1,"minecraft:spruce_planks":527,"minecraft:netherrack":70,"minecraft:oak_door":3,"minecraft:torch":180,"minecraft:dirt":153,"minecraft:chipped_anvil":2,"minecraft:bookshelf":20,"minecraft:iron_axe":675,"minecraft:diamond_chestplate":1,"minecraft:golden_carrot":1,"minecraft:cooked_beef":12,"minecraft:cobbled_deepslate":148,"minecraft:iron_leggings":1,"minecraft:wheat_seeds":58,"minecraft:cooked_mutton":9,"minecraft:water_bucket":25,"minecraft:fletching_table":89,"minecraft:crafting_table":8,"minecraft:white_bed":8,"minecraft:spruce_log":2,"minecraft:smoker":5,"minecraft:diamond_pickaxe":969,"minecraft:iron_pickaxe":406,"minecraft:spruce_pressure_plate":1,"minecraft:spruce_trapdoor":10,"minecraft:spruce_sapling":169,"minecraft:stone_axe":90,"minecraft:cobblestone":110,"minecraft:purple_bed":1,"minecraft:cooked_porkchop":36,"minecraft:bucket":26,"minecraft:pumpkin_pie":1,"minecraft:yellow_bed":5},"minecraft:crafted":{"minecraft:grindstone":1,"minecraft:oak_planks":24,"minecraft:smooth_stone":6,"minecraft:chainmail_helmet":18,"minecraft:stone":9,"minecraft:bookshelf":16,"minecraft:cooked_mutton":14,"minecraft:spruce_pressure_plate":6,"minecraft:diamond_helmet":1,"minecraft:diamond_leggings":1,"minecraft:iron_boots":18,"minecraft:chest":12,"minecraft:smoker":1,"minecraft:emerald":432,"minecraft:arrow":128,"minecraft:cooked_porkchop":35,"minecraft:diamond_axe":2,"minecraft:crafting_table":1,"minecraft:spruce_planks":7712,"minecraft:wooden_pickaxe":1,"minecraft:iron_helmet":14,"minecraft:smithing_table":1,"minecraft:fletching_table":5,"minecraft:spruce_trapdoor":8,"minecraft:lectern":1,"minecraft:iron_chestplate":1,"minecraft:diamond_pickaxe":2,"minecraft:shield":1,"minecraft:stick":13583,"minecraft:stone_slab":6,"minecraft:iron_ingot":112,"minecraft:iron_pickaxe":3,"minecraft:composter":3,"minecraft:oak_door":3,"minecraft:coal":18,"minecraft:diamond_hoe":6,"minecraft:spruce_button":64,"minecraft:furnace":4,"minecraft:blast_furnace":2,"minecraft:bone_meal":391,"minecraft:flint_and_steel":1,"minecraft:iron_axe":3,"minecraft:spruce_slab":60,"minecraft:stone_pickaxe":1,"minecraft:diamond_boots":1,"minecraft:spruce_boat":1,"minecraft:chainmail_leggings":4,"minecraft:wheat":99,"minecraft:cooked_beef":21,"minecraft:crossbow":1,"minecraft:diamond_sword":1,"minecraft:enchanting_table":1,"minecraft:iron_sword":1,"minecraft:cooked_salmon":2,"minecraft:bucket":1,"minecraft:stone_axe":11,"minecraft:enchanted_book":4,"minecraft:bread":51,"minecraft:air":0,"minecraft:chainmail_boots":24,"minecraft:iron_shovel":1,"minecraft:iron_leggings":1,"minecraft:white_bed":1,"minecraft:torch":168,"minecraft:diamond_chestplate":1},"minecraft:picked_up":{"minecraft:wheat":69,"minecraft:iron_chestplate":2,"minecraft:nether_brick_fence":1,"minecraft:smithing_table":5,"minecraft:stone_slab":2,"minecraft:brewing_stand":3,"minecraft:amethyst_block":3,"minecraft:string":32,"minecraft:explorer_pottery_sherd":1,"minecraft:red_sand":1,"minecraft:cobbled_deepslate":298,"minecraft:bucket":1,"minecraft:spruce_planks":339,"minecraft:calcite":4,"minecraft:coal_block":2,"minecraft:mangrove_log":7,"minecraft:furnace":5,"minecraft:iron_boots":2,"minecraft:spruce_pressure_plate":1,"minecraft:stick":92,"minecraft:composter":9,"minecraft:oak_fence":5,"minecraft:torch":29,"minecraft:porkchop":41,"minecraft:cherry_log":32,"minecraft:cauldron":6,"minecraft:rotten_flesh":51,"minecraft:bookshelf":5,"minecraft:white_terracotta":1,"minecraft:blaze_rod":10,"minecraft:obsidian":27,"minecraft:cobblestone":285,"minecraft:nautilus_shell":1,"minecraft:cooked_beef":2,"minecraft:andesite":11,"minecraft:smoker":5,"minecraft:potato":55,"minecraft:flint":14,"minecraft:tuff":17,"minecraft:danger_pottery_sherd":1,"minecraft:lapis_lazuli":64,"minecraft:dirt":175,"minecraft:bone":46,"minecraft:chipped_anvil":3,"minecraft:wheat_seeds":307,"minecraft:raw_gold":53,"minecraft:grindstone":3,"minecraft:fletching_table":84,"minecraft:bamboo":23,"minecraft:oak_planks":19,"minecraft:cooked_porkchop":5,"minecraft:nether_brick_stairs":1,"minecraft:barrel":1,"minecraft:mossy_cobblestone":1,"minecraft:diamond":75,"minecraft:spruce_boat":2,"minecraft:bone_meal":51,"minecraft:golden_apple":1,"minecraft:bread":34,"minecraft:rooted_dirt":3,"minecraft:netherrack":103,"minecraft:crimson_roots":3,"minecraft:mud":2,"minecraft:coarse_dirt":10,"minecraft:crafting_table":8,"minecraft:nether_wart":20,"minecraft:gold_block":4,"minecraft:blackstone":16,"minecraft:blue_orchid":24,"minecraft:beef":23,"minecraft:iron_nugget":12,"minecraft:spruce_slab":11,"minecraft:lectern":235,"minecraft:sugar_cane":10,"minecraft:chest":1,"minecraft:spruce_trapdoor":6,"minecraft:diamond_hoe":2,"minecraft:raw_iron":159,"minecraft:oak_door":2,"minecraft:carrot":440,"minecraft:redstone":48,"minecraft:howl_pottery_sherd":2,"minecraft:nether_bricks":7,"minecraft:diamond_boots":1,"minecraft:hay_block":11,"minecraft:gold_ingot":10,"minecraft:mutton":19,"minecraft:white_wool":35,"minecraft:bone_block":35,"minecraft:golden_carrot":6,"minecraft:burn_pottery_sherd":1,"minecraft:glow_ink_sac":2,"minecraft:salmon":2,"minecraft:leather":7,"minecraft:filled_map":1,"minecraft:oak_log":6,"minecraft:yellow_bed":5,"minecraft:gunpowder":7,"minecraft:cooked_mutton":2,"minecraft:iron_ingot":9,"minecraft:polished_andesite_slab":1,"minecraft:soul_sand":20,"minecraft:arms_up_pottery_sherd":1,"minecraft:iron_sword":3,"minecraft:book":81,"minecraft:smooth_basalt":3,"minecraft:dandelion":2,"minecraft:gravel":148,"minecraft:blast_furnace":16,"minecraft:spruce_sapling":193,"minecraft:spruce_log":1952,"minecraft:white_bed":7,"minecraft:spider_eye":8,"minecraft:purple_bed":2,"minecraft:slime_ball":14,"minecraft:cherry_sapling":9,"minecraft:coal":196,"minecraft:sunflower":3},"minecraft:mined":{"minecraft:large_amethyst_bud":1,"minecraft:spruce_planks":230,"minecraft:white_bed":7,"minecraft:farmland":10,"minecraft:cherry_log":32,"minecraft:brewing_stand":3,"minecraft:obsidian":17,"minecraft:spruce_trapdoor":6,"minecraft:red_sand":1,"minecraft:grass_block":35,"minecraft:coal_block":2,"minecraft:composter":10,"minecraft:frosted_ice":7,"minecraft:nether_wart":8,"minecraft:spawner":1,"minecraft:cobbled_deepslate":10,"minecraft:iron_ore":82,"minecraft:fire":2,"minecraft:barrel":1,"minecraft:fletching_table":85,"minecraft:deepslate_lapis_ore":8,"minecraft:nether_brick_stairs":1,"minecraft:water_cauldron":8,"minecraft:iron_bars":1,"minecraft:spruce_pressure_plate":1,"minecraft:spruce_slab":9,"minecraft:deepslate_redstone_ore":3,"minecraft:blackstone":5,"minecraft:smoker":4,"minecraft:crimson_nylium":12,"minecraft:torch":4,"minecraft:blast_furnace":12,"minecraft:calcite":4,"minecraft:chest":1,"minecraft:cobblestone":14,"minecraft:grindstone":1,"minecraft:sugar_cane":6,"minecraft:oak_planks":14,"minecraft:wall_torch":12,"minecraft:amethyst_block":3,"minecraft:cauldron":1,"minecraft:white_terracotta":2,"minecraft:mud":2,"minecraft:wheat":92,"minecraft:oak_log":6,"minecraft:dirt":167,"minecraft:mangrove_log":9,"minecraft:smooth_basalt":6,"minecraft:netherrack":105,"minecraft:oak_leaves":6,"minecraft:deepslate":296,"minecraft:infested_deepslate":1,"minecraft:tuff":22,"minecraft:mossy_cobblestone":2,"minecraft:deepslate_diamond_ore":49,"minecraft:oak_door":2,"minecraft:ladder":2,"minecraft:nether_bricks":7,"minecraft:decorated_pot":1,"minecraft:polished_andesite_slab":1,"minecraft:spruce_leaves":98,"minecraft:rooted_dirt":1,"minecraft:large_fern":2,"minecraft:hay_block":11,"minecraft:redstone_ore":5,"minecraft:spruce_sapling":7,"minecraft:furnace":4,"minecraft:carrots":98,"minecraft:andesite":43,"minecraft:gold_block":4,"minecraft:nether_brick_fence":1,"minecraft:bookshelf":10,"minecraft:potatoes":15,"minecraft:deepslate_iron_ore":42,"minecraft:vine":4,"minecraft:bamboo":2,"minecraft:stone":405,"minecraft:bone_block":32,"minecraft:smithing_table":3,"minecraft:soul_sand":20,"minecraft:oak_fence":4,"minecraft:crafting_table":8,"minecraft:short_grass":498,"minecraft:lectern":235,"minecraft:stone_slab":2,"minecraft:tall_grass":161,"minecraft:deepslate_gold_ore":6,"minecraft:lapis_ore":1,"minecraft:lily_pad":1,"minecraft:purple_bed":2,"minecraft:coarse_dirt":1,"minecraft:magenta_terracotta":1,"minecraft:spruce_log":1960,"minecraft:birch_leaves":2,"minecraft:mangrove_leaves":72,"minecraft:yellow_bed":5,"minecraft:coal_ore":89,"minecraft:cherry_leaves":82,"minecraft:sunflower":4,"minecraft:gravel":177,"minecraft:cobweb":14,"minecraft:chipped_anvil":1,"minecraft:gold_ore":4,"minecraft:iron_trapdoor":1},"minecraft:custom":{"minecraft:interact_with_crafting_table":88,"minecraft:open_barrel":26,"minecraft:leave_game":29,"minecraft:time_since_death":641764,"minecraft:sprint_one_cm":1462226,"minecraft:damage_blocked_by_shield":1680,"minecraft:drop":175,"minecraft:talked_to_villager":523,"minecraft:play_time":641764,"minecraft:jump":13031,"minecraft:walk_on_water_one_cm":80238,"minecraft:enchant_item":12,"minecraft:interact_with_furnace":76,"minecraft:traded_with_villager":542,"minecraft:sleep_in_bed":40,"minecraft:damage_dealt":30261,"minecraft:crouch_one_cm":53244,"minecraft:interact_with_smoker":35,"minecraft:horse_one_cm":1960170,"minecraft:interact_with_smithing_table":3,"minecraft:interact_with_anvil":4,"minecraft:mob_kills":203,"minecraft:climb_one_cm":9413,"minecraft:walk_one_cm":1479205,"minecraft:sneak_time":15150,"minecraft:walk_under_water_one_cm":50901,"minecraft:boat_one_cm":52072,"minecraft:interact_with_blast_furnace":10,"minecraft:total_world_time":641764,"minecraft:interact_with_grindstone":15,"minecraft:time_since_rest":40524,"minecraft:damage_taken":4334,"minecraft:swim_one_cm":122844,"minecraft:fly_one_cm":2274080,"minecraft:open_chest":354,"minecraft:fall_one_cm":364960},"minecraft:killed":{"minecraft:cave_spider":1,"minecraft:witch":1,"minecraft:spider":17,"minecraft:skeleton":22,"minecraft:magma_cube":6,"minecraft:pig":19,"minecraft:salmon":3,"minecraft:creeper":7,"minecraft:sheep":15,"minecraft:zombie":54,"minecraft:cow":12,"minecraft:blaze":20,"minecraft:slime":15,"minecraft:horse":1,"minecraft:wither_skeleton":2}},"DataVersion":3953}