{"stats":{"minecraft:dropped":{"minecraft:wheat_seeds":2,"minecraft:flint":1,"minecraft:spider_eye":1,"minecraft:flowering_azalea":1,"minecraft:magma_block":2},"minecraft:broken":{"minecraft:wooden_pickaxe":1},"minecraft:used":{"minecraft:moss_block":12,"minecraft:stone_pickaxe":103,"minecraft:wooden_pickaxe":61,"minecraft:spruce_planks":42,"minecraft:shield":10,"minecraft:iron_chestplate":1,"minecraft:torch":17,"minecraft:glow_berries":10,"minecraft:dirt":3,"minecraft:crafting_table":3,"minecraft:spruce_stairs":1,"minecraft:white_bed":1,"minecraft:bread":2,"minecraft:iron_pickaxe":94,"minecraft:iron_boots":1,"minecraft:gravel":3,"minecraft:stone_axe":51,"minecraft:cobblestone":59,"minecraft:sweet_berries":52,"minecraft:furnace":1,"minecraft:cobbled_deepslate":47},"minecraft:crafted":{"minecraft:oak_planks":24,"minecraft:crafting_table":2,"minecraft:spruce_planks":28,"minecraft:wooden_pickaxe":1,"minecraft:furnace":1,"minecraft:stone_axe":1,"minecraft:air":0,"minecraft:iron_chestplate":1,"minecraft:shield":1,"minecraft:iron_axe":1,"minecraft:stick":12,"minecraft:iron_ingot":24,"minecraft:iron_pickaxe":1,"minecraft:stone_pickaxe":1,"minecraft:iron_leggings":1,"minecraft:white_bed":1},"minecraft:picked_up":{"minecraft:crafting_table":2,"minecraft:magma_block":2,"minecraft:flint":2,"minecraft:tuff":2,"minecraft:oak_log":6,"minecraft:dirt":3,"minecraft:moss_carpet":9,"minecraft:raw_copper":4,"minecraft:bone":2,"minecraft:wheat_seeds":3,"minecraft:cobbled_deepslate":103,"minecraft:raw_gold":15,"minecraft:spruce_planks":64,"minecraft:iron_ingot":5,"minecraft:azalea":3,"minecraft:moss_block":12,"minecraft:flowering_azalea":3,"minecraft:oak_planks":2,"minecraft:furnace":1,"minecraft:raw_iron":24,"minecraft:sweet_berries":52,"minecraft:torch":18,"minecraft:spruce_stairs":2,"minecraft:gravel":3,"minecraft:white_bed":1,"minecraft:spruce_log":7,"minecraft:spider_eye":1,"minecraft:rotten_flesh":2,"minecraft:diamond":14,"minecraft:bread":2,"minecraft:oak_sapling":1,"minecraft:glow_berries":8,"minecraft:white_wool":7,"minecraft:coal":51,"minecraft:rail":3,"minecraft:cobblestone":65},"minecraft:mined":{"minecraft:flowering_azalea":1,"minecraft:white_bed":1,"minecraft:deepslate_diamond_ore":14,"minecraft:crafting_table":2,"minecraft:cave_vines_plant":2,"minecraft:short_grass":18,"minecraft:grass_block":3,"minecraft:tall_grass":6,"minecraft:copper_ore":1,"minecraft:cobblestone":1,"minecraft:spruce_leaves":12,"minecraft:deepslate_gold_ore":15,"minecraft:moss_block":4,"minecraft:wall_torch":4,"minecraft:spawner":2,"minecraft:large_fern":4,"minecraft:spruce_stairs":2,"minecraft:magma_block":15,"minecraft:furnace":1,"minecraft:iron_ore":16,"minecraft:cobbled_deepslate":1,"minecraft:sweet_berry_bush":24,"minecraft:spruce_log":7,"minecraft:birch_leaves":3,"minecraft:moss_carpet":3,"minecraft:oak_log":6,"minecraft:coal_ore":38,"minecraft:cave_vines":9,"minecraft:deepslate_iron_ore":9,"minecraft:vine":2,"minecraft:gravel":1,"minecraft:azalea":3,"minecraft:stone":52,"minecraft:gold_ore":1,"minecraft:deepslate":78,"minecraft:fern":4},"minecraft:custom":{"minecraft:interact_with_furnace":6,"minecraft:mob_kills":16,"minecraft:interact_with_crafting_table":9,"minecraft:leave_game":1,"minecraft:time_since_death":59647,"minecraft:sleep_in_bed":1,"minecraft:climb_one_cm":121,"minecraft:time_since_rest":45779,"minecraft:sprint_one_cm":71889,"minecraft:damage_taken":800,"minecraft:walk_one_cm":188779,"minecraft:damage_blocked_by_shield":235,"minecraft:drop":7,"minecraft:damage_dealt":2314,"minecraft:swim_one_cm":23758,"minecraft:fly_one_cm":82067,"minecraft:open_chest":6,"minecraft:play_time":59647,"minecraft:crouch_one_cm":28863,"minecraft:sneak_time":10617,"minecraft:walk_under_water_one_cm":12166,"minecraft:jump":664,"minecraft:walk_on_water_one_cm":20079,"minecraft:total_world_time":59647,"minecraft:fall_one_cm":11589},"minecraft:killed":{"minecraft:cave_spider":4,"minecraft:spider":1,"minecraft:bat":1,"minecraft:skeleton":3,"minecraft:zombie":7}},"DataVersion":3953}