{"stats":{"minecraft:dropped":{"minecraft:wheat_seeds":2,"minecraft:tuff":2,"minecraft:cobblestone":2,"minecraft:flint":1,"minecraft:spider_eye":1,"minecraft:flowering_azalea":1,"minecraft:magma_block":2},"minecraft:broken":{"minecraft:stone_pickaxe":1,"minecraft:wooden_shovel":2,"minecraft:wooden_pickaxe":1},"minecraft:used":{"minecraft:azalea":4,"minecraft:moss_block":12,"minecraft:moss_carpet":1,"minecraft:stone_pickaxe":130,"minecraft:oak_planks":4,"minecraft:wooden_pickaxe":61,"minecraft:spruce_planks":60,"minecraft:shield":15,"minecraft:wooden_shovel":121,"minecraft:iron_chestplate":1,"minecraft:white_wool":4,"minecraft:torch":18,"minecraft:glow_berries":12,"minecraft:dirt":125,"minecraft:crafting_table":4,"minecraft:spruce_stairs":2,"minecraft:white_bed":1,"minecraft:rooted_dirt":2,"minecraft:iron_axe":22,"minecraft:bread":4,"minecraft:iron_pickaxe":111,"minecraft:iron_boots":1,"minecraft:gravel":3,"minecraft:stone_axe":70,"minecraft:cobblestone":60,"minecraft:sweet_berries":52,"minecraft:furnace":1,"minecraft:coarse_dirt":20,"minecraft:cobbled_deepslate":95},"minecraft:crafted":{"minecraft:oak_planks":24,"minecraft:wooden_shovel":2,"minecraft:crafting_table":2,"minecraft:spruce_planks":28,"minecraft:wooden_pickaxe":1,"minecraft:furnace":1,"minecraft:stone_axe":1,"minecraft:air":0,"minecraft:iron_chestplate":1,"minecraft:shield":1,"minecraft:iron_axe":1,"minecraft:stick":16,"minecraft:iron_ingot":24,"minecraft:iron_pickaxe":1,"minecraft:stone_pickaxe":1,"minecraft:iron_leggings":1,"minecraft:white_bed":1},"minecraft:picked_up":{"minecraft:coarse_dirt":20,"minecraft:crafting_table":2,"minecraft:magma_block":2,"minecraft:flint":2,"minecraft:tuff":2,"minecraft:oak_log":6,"minecraft:string":1,"minecraft:dirt":125,"minecraft:moss_carpet":10,"minecraft:raw_copper":9,"minecraft:bone":5,"minecraft:bow":1,"minecraft:wheat_seeds":10,"minecraft:cobbled_deepslate":103,"minecraft:raw_gold":15,"minecraft:spruce_planks":82,"minecraft:iron_ingot":5,"minecraft:azalea":7,"minecraft:moss_block":12,"minecraft:flowering_azalea":3,"minecraft:oak_planks":2,"minecraft:furnace":1,"minecraft:raw_iron":36,"minecraft:sweet_berries":52,"minecraft:torch":18,"minecraft:spruce_stairs":3,"minecraft:gravel":3,"minecraft:white_bed":1,"minecraft:spruce_log":7,"minecraft:spider_eye":1,"minecraft:rotten_flesh":5,"minecraft:diamond":14,"minecraft:bread":2,"minecraft:rooted_dirt":2,"minecraft:oak_sapling":1,"minecraft:glow_berries":8,"minecraft:white_wool":7,"minecraft:coal":69,"minecraft:rail":3,"minecraft:cobblestone":68},"minecraft:mined":{"minecraft:spruce_planks":18,"minecraft:flowering_azalea":1,"minecraft:white_bed":1,"minecraft:deepslate_diamond_ore":14,"minecraft:crafting_table":2,"minecraft:cave_vines_plant":2,"minecraft:short_grass":51,"minecraft:grass_block":38,"minecraft:tall_grass":18,"minecraft:copper_ore":2,"minecraft:cobblestone":1,"minecraft:spruce_leaves":12,"minecraft:deepslate_gold_ore":15,"minecraft:moss_block":4,"minecraft:rooted_dirt":2,"minecraft:wall_torch":4,"minecraft:spawner":2,"minecraft:large_fern":4,"minecraft:spruce_stairs":3,"minecraft:coarse_dirt":20,"minecraft:magma_block":15,"minecraft:furnace":1,"minecraft:iron_ore":28,"minecraft:cobbled_deepslate":1,"minecraft:sweet_berry_bush":24,"minecraft:spruce_log":7,"minecraft:birch_leaves":3,"minecraft:moss_carpet":4,"minecraft:oak_log":6,"minecraft:coal_ore":57,"minecraft:cave_vines":9,"minecraft:deepslate_iron_ore":9,"minecraft:vine":3,"minecraft:gravel":1,"minecraft:dirt":88,"minecraft:azalea":7,"minecraft:stone":64,"minecraft:gold_ore":1,"minecraft:deepslate":78,"minecraft:fern":4},"minecraft:custom":{"minecraft:interact_with_furnace":6,"minecraft:mob_kills":22,"minecraft:interact_with_crafting_table":11,"minecraft:leave_game":1,"minecraft:time_since_death":89647,"minecraft:sleep_in_bed":1,"minecraft:climb_one_cm":465,"minecraft:time_since_rest":75779,"minecraft:sprint_one_cm":78882,"minecraft:damage_taken":947,"minecraft:walk_one_cm":287296,"minecraft:damage_blocked_by_shield":335,"minecraft:drop":11,"minecraft:damage_dealt":3622,"minecraft:swim_one_cm":23805,"minecraft:fly_one_cm":132934,"minecraft:open_chest":7,"minecraft:play_time":89647,"minecraft:crouch_one_cm":45821,"minecraft:sneak_time":15447,"minecraft:walk_under_water_one_cm":16428,"minecraft:jump":943,"minecraft:walk_on_water_one_cm":28025,"minecraft:total_world_time":89647,"minecraft:fall_one_cm":16251},"minecraft:killed":{"minecraft:cave_spider":4,"minecraft:spider":2,"minecraft:bat":1,"minecraft:skeleton":5,"minecraft:zombie":10}},"DataVersion":3953}