{"stats":{"minecraft:killed":{"minecraft:cave_spider":4,"minecraft:spider":1,"minecraft:bat":1,"minecraft:skeleton":3,"minecraft:zombie":6},"minecraft:mined":{"minecraft:flowering_azalea":1,"minecraft:deepslate_diamond_ore":6,"minecraft:crafting_table":1,"minecraft:cave_vines_plant":2,"minecraft:short_grass":18,"minecraft:grass_block":3,"minecraft:tall_grass":6,"minecraft:copper_ore":1,"minecraft:cobblestone":1,"minecraft:deepslate_gold_ore":15,"minecraft:spruce_leaves":12,"minecraft:moss_block":4,"minecraft:wall_torch":4,"minecraft:spawner":2,"minecraft:large_fern":4,"minecraft:spruce_stairs":1,"minecraft:magma_block":15,"minecraft:iron_ore":16,"minecraft:sweet_berry_bush":24,"minecraft:spruce_log":7,"minecraft:birch_leaves":3,"minecraft:moss_carpet":3,"minecraft:oak_log":6,"minecraft:coal_ore":38,"minecraft:deepslate_iron_ore":9,"minecraft:cave_vines":9,"minecraft:vine":2,"minecraft:gravel":1,"minecraft:azalea":3,"minecraft:stone":52,"minecraft:gold_ore":1,"minecraft:deepslate":75,"minecraft:fern":4},"minecraft:custom":{"minecraft:interact_with_furnace":5,"minecraft:mob_kills":15,"minecraft:interact_with_crafting_table":9,"minecraft:leave_game":1,"minecraft:time_since_death":50197,"minecraft:sleep_in_bed":1,"minecraft:climb_one_cm":121,"minecraft:time_since_rest":36329,"minecraft:sprint_one_cm":71766,"minecraft:damage_taken":709,"minecraft:walk_one_cm":170121,"minecraft:damage_blocked_by_shield":185,"minecraft:drop":7,"minecraft:damage_dealt":2223,"minecraft:swim_one_cm":23758,"minecraft:fly_one_cm":48882,"minecraft:crouch_one_cm":28070,"minecraft:play_time":50197,"minecraft:sneak_time":10202,"minecraft:walk_under_water_one_cm":12166,"minecraft:jump":591,"minecraft:walk_on_water_one_cm":19587,"minecraft:total_world_time":50197,"minecraft:fall_one_cm":11320},"minecraft:crafted":{"minecraft:oak_planks":24,"minecraft:crafting_table":2,"minecraft:spruce_planks":28,"minecraft:wooden_pickaxe":1,"minecraft:furnace":1,"minecraft:stone_axe":1,"minecraft:air":0,"minecraft:iron_chestplate":1,"minecraft:shield":1,"minecraft:iron_axe":1,"minecraft:stick":12,"minecraft:iron_ingot":24,"minecraft:iron_pickaxe":1,"minecraft:stone_pickaxe":1,"minecraft:iron_leggings":1,"minecraft:white_bed":1},"minecraft:dropped":{"minecraft:wheat_seeds":2,"minecraft:flint":1,"minecraft:spider_eye":1,"minecraft:flowering_azalea":1,"minecraft:magma_block":2},"minecraft:used":{"minecraft:moss_block":12,"minecraft:stone_pickaxe":98,"minecraft:wooden_pickaxe":61,"minecraft:spruce_planks":42,"minecraft:shield":8,"minecraft:iron_chestplate":1,"minecraft:torch":17,"minecraft:glow_berries":10,"minecraft:dirt":3,"minecraft:crafting_table":3,"minecraft:spruce_stairs":1,"minecraft:white_bed":1,"minecraft:bread":1,"minecraft:iron_pickaxe":86,"minecraft:gravel":3,"minecraft:stone_axe":45,"minecraft:cobblestone":59,"minecraft:sweet_berries":52,"minecraft:furnace":1,"minecraft:cobbled_deepslate":36},"minecraft:picked_up":{"minecraft:magma_block":2,"minecraft:crafting_table":1,"minecraft:flint":2,"minecraft:tuff":2,"minecraft:oak_log":6,"minecraft:dirt":3,"minecraft:moss_carpet":9,"minecraft:raw_copper":4,"minecraft:bone":2,"minecraft:wheat_seeds":3,"minecraft:cobbled_deepslate":99,"minecraft:raw_gold":15,"minecraft:spruce_planks":64,"minecraft:iron_ingot":5,"minecraft:azalea":3,"minecraft:moss_block":12,"minecraft:flowering_azalea":3,"minecraft:oak_planks":2,"minecraft:raw_iron":24,"minecraft:sweet_berries":52,"minecraft:torch":18,"minecraft:spruce_stairs":1,"minecraft:gravel":3,"minecraft:spruce_log":7,"minecraft:spider_eye":1,"minecraft:rotten_flesh":2,"minecraft:diamond":6,"minecraft:bread":2,"minecraft:oak_sapling":1,"minecraft:glow_berries":8,"minecraft:rail":3,"minecraft:coal":39,"minecraft:white_wool":7,"minecraft:cobblestone":65},"minecraft:broken":{"minecraft:wooden_pickaxe":1}},"DataVersion":3953}