{"stats":{"minecraft:dropped":{"minecraft:wheat_seeds":2,"minecraft:cobblestone":2,"minecraft:flint":1,"minecraft:golden_carrot":29,"minecraft:flowering_azalea":1,"minecraft:moss_carpet":9,"minecraft:tuff":2,"minecraft:carrot":8,"minecraft:diamond_pickaxe":1,"minecraft:spider_eye":1,"minecraft:magma_block":2},"minecraft:broken":{"minecraft:wooden_shovel":2,"minecraft:wooden_pickaxe":1,"minecraft:stone_pickaxe":1},"minecraft:used":{"minecraft:azalea":4,"minecraft:moss_block":12,"minecraft:moss_carpet":1,"minecraft:spruce_planks":60,"minecraft:chest":2,"minecraft:shield":20,"minecraft:wooden_shovel":166,"minecraft:iron_chestplate":1,"minecraft:oak_door":3,"minecraft:torch":24,"minecraft:dirt":174,"minecraft:spruce_stairs":3,"minecraft:carrot":4,"minecraft:flowering_azalea":1,"minecraft:iron_axe":60,"minecraft:rooted_dirt":2,"minecraft:iron_boots":1,"minecraft:melon_seeds":4,"minecraft:golden_carrot":3,"minecraft:sweet_berries":52,"minecraft:furnace":2,"minecraft:cobbled_deepslate":95,"minecraft:wheat_seeds":17,"minecraft:water_bucket":2,"minecraft:stone_pickaxe":130,"minecraft:oak_planks":5,"minecraft:wooden_pickaxe":61,"minecraft:white_wool":4,"minecraft:glow_berries":13,"minecraft:crafting_table":5,"minecraft:white_bed":2,"minecraft:pumpkin_seeds":8,"minecraft:wooden_hoe":30,"minecraft:bread":4,"minecraft:iron_pickaxe":117,"minecraft:gravel":3,"minecraft:stone_axe":70,"minecraft:cobblestone":60,"minecraft:bucket":3,"minecraft:coarse_dirt":20},"minecraft:crafted":{"minecraft:oak_door":3,"minecraft:oak_planks":32,"minecraft:furnace":1,"minecraft:diamond_helmet":1,"minecraft:diamond_leggings":1,"minecraft:iron_axe":1,"minecraft:stone_pickaxe":1,"minecraft:chest":2,"minecraft:diamond_boots":1,"minecraft:wooden_shovel":3,"minecraft:diamond_sword":1,"minecraft:crafting_table":2,"minecraft:spruce_planks":28,"minecraft:wooden_pickaxe":1,"minecraft:bucket":1,"minecraft:stone_axe":1,"minecraft:air":0,"minecraft:iron_chestplate":1,"minecraft:wooden_hoe":1,"minecraft:shield":1,"minecraft:stick":28,"minecraft:iron_ingot":36,"minecraft:iron_pickaxe":1,"minecraft:iron_leggings":1,"minecraft:white_bed":1,"minecraft:diamond_chestplate":1},"minecraft:picked_up":{"minecraft:crafting_table":3,"minecraft:coarse_dirt":23,"minecraft:string":1,"minecraft:moss_carpet":19,"minecraft:raw_copper":9,"minecraft:cobbled_deepslate":103,"minecraft:spruce_planks":82,"minecraft:azalea":7,"minecraft:furnace":1,"minecraft:raw_iron":36,"minecraft:torch":22,"minecraft:spruce_stairs":3,"minecraft:carrot":12,"minecraft:rotten_flesh":11,"minecraft:glow_berries":8,"minecraft:rail":3,"minecraft:white_wool":7,"minecraft:cobblestone":74,"minecraft:magma_block":2,"minecraft:golden_carrot":58,"minecraft:flint":2,"minecraft:tuff":2,"minecraft:oak_log":8,"minecraft:gunpowder":1,"minecraft:dirt":188,"minecraft:bone":10,"minecraft:bow":1,"minecraft:wheat_seeds":19,"minecraft:raw_gold":15,"minecraft:iron_ingot":5,"minecraft:moss_block":12,"minecraft:oak_planks":2,"minecraft:flowering_azalea":3,"minecraft:sweet_berries":52,"minecraft:gravel":3,"minecraft:white_bed":1,"minecraft:spruce_log":7,"minecraft:spider_eye":1,"minecraft:diamond":60,"minecraft:emerald":25,"minecraft:bread":2,"minecraft:rooted_dirt":3,"minecraft:oak_sapling":1,"minecraft:coal":69,"minecraft:diamond_pickaxe":2},"minecraft:mined":{"minecraft:spruce_planks":18,"minecraft:white_bed":1,"minecraft:deepslate_diamond_ore":14,"minecraft:cave_vines_plant":2,"minecraft:grass_block":39,"minecraft:spruce_leaves":12,"minecraft:moss_block":4,"minecraft:rooted_dirt":2,"minecraft:spawner":2,"minecraft:large_fern":4,"minecraft:magma_block":15,"minecraft:furnace":1,"minecraft:carrots":3,"minecraft:iron_ore":28,"minecraft:cobbled_deepslate":1,"minecraft:moss_carpet":4,"minecraft:vine":3,"minecraft:cave_vines":9,"minecraft:deepslate_iron_ore":9,"minecraft:azalea":7,"minecraft:stone":70,"minecraft:flowering_azalea":1,"minecraft:dandelion":1,"minecraft:crafting_table":3,"minecraft:torch":4,"minecraft:short_grass":161,"minecraft:copper_ore":2,"minecraft:tall_grass":38,"minecraft:cobblestone":1,"minecraft:deepslate_gold_ore":15,"minecraft:wall_torch":4,"minecraft:spruce_stairs":3,"minecraft:coarse_dirt":20,"minecraft:sweet_berry_bush":24,"minecraft:spruce_log":7,"minecraft:birch_leaves":3,"minecraft:coal_ore":57,"minecraft:oak_log":6,"minecraft:gravel":1,"minecraft:dirt":134,"minecraft:gold_ore":1,"minecraft:deepslate":78,"minecraft:fern":4},"minecraft:custom":{"minecraft:mob_kills":31,"minecraft:interact_with_crafting_table":22,"minecraft:leave_game":1,"minecraft:time_since_death":125647,"minecraft:climb_one_cm":465,"minecraft:sprint_one_cm":97514,"minecraft:walk_one_cm":468678,"minecraft:damage_blocked_by_shield":475,"minecraft:drop":15,"minecraft:talked_to_villager":6,"minecraft:play_time":125647,"minecraft:sneak_time":17520,"minecraft:walk_under_water_one_cm":27453,"minecraft:jump":1431,"minecraft:walk_on_water_one_cm":45049,"minecraft:total_world_time":125647,"minecraft:interact_with_furnace":14,"minecraft:sleep_in_bed":4,"minecraft:time_since_rest":1784,"minecraft:damage_taken":1188,"minecraft:damage_dealt":5402,"minecraft:fly_one_cm":164314,"minecraft:swim_one_cm":24784,"minecraft:open_chest":23,"minecraft:crouch_one_cm":54949,"minecraft:fall_one_cm":23934,"minecraft:horse_one_cm":27348},"minecraft:killed":{"minecraft:cave_spider":4,"minecraft:spider":2,"minecraft:skeleton":9,"minecraft:drowned":2,"minecraft:bat":1,"minecraft:creeper":1,"minecraft:zombie":12}},"DataVersion":3953}