{"stats":{"minecraft:dropped":{"minecraft:moss_carpet":9,"minecraft:wheat_seeds":2,"minecraft:tuff":2,"minecraft:cobblestone":2,"minecraft:carrot":8,"minecraft:flint":1,"minecraft:golden_carrot":29,"minecraft:spider_eye":1,"minecraft:flowering_azalea":1,"minecraft:magma_block":2},"minecraft:broken":{"minecraft:stone_pickaxe":1,"minecraft:wooden_shovel":2,"minecraft:wooden_pickaxe":1},"minecraft:used":{"minecraft:wheat_seeds":17,"minecraft:azalea":4,"minecraft:moss_block":12,"minecraft:water_bucket":1,"minecraft:moss_carpet":1,"minecraft:stone_pickaxe":130,"minecraft:oak_planks":4,"minecraft:chest":2,"minecraft:wooden_pickaxe":61,"minecraft:spruce_planks":60,"minecraft:shield":20,"minecraft:wooden_shovel":166,"minecraft:iron_chestplate":1,"minecraft:white_wool":4,"minecraft:torch":21,"minecraft:glow_berries":13,"minecraft:dirt":165,"minecraft:crafting_table":5,"minecraft:carrot":4,"minecraft:spruce_stairs":3,"minecraft:white_bed":2,"minecraft:pumpkin_seeds":8,"minecraft:wooden_hoe":30,"minecraft:flowering_azalea":1,"minecraft:rooted_dirt":2,"minecraft:iron_axe":56,"minecraft:bread":4,"minecraft:iron_pickaxe":117,"minecraft:iron_boots":1,"minecraft:gravel":3,"minecraft:melon_seeds":4,"minecraft:golden_carrot":2,"minecraft:stone_axe":70,"minecraft:cobblestone":60,"minecraft:sweet_berries":52,"minecraft:furnace":2,"minecraft:bucket":1,"minecraft:coarse_dirt":20,"minecraft:cobbled_deepslate":95},"minecraft:crafted":{"minecraft:oak_planks":24,"minecraft:wooden_shovel":3,"minecraft:crafting_table":2,"minecraft:spruce_planks":28,"minecraft:wooden_pickaxe":1,"minecraft:furnace":1,"minecraft:bucket":1,"minecraft:stone_axe":1,"minecraft:air":0,"minecraft:wooden_hoe":1,"minecraft:iron_chestplate":1,"minecraft:shield":1,"minecraft:iron_axe":1,"minecraft:stick":20,"minecraft:iron_ingot":24,"minecraft:iron_pickaxe":1,"minecraft:stone_pickaxe":1,"minecraft:chest":2,"minecraft:iron_leggings":1,"minecraft:white_bed":1},"minecraft:picked_up":{"minecraft:coarse_dirt":23,"minecraft:crafting_table":3,"minecraft:magma_block":2,"minecraft:golden_carrot":58,"minecraft:flint":2,"minecraft:tuff":2,"minecraft:oak_log":8,"minecraft:gunpowder":1,"minecraft:string":1,"minecraft:dirt":188,"minecraft:moss_carpet":19,"minecraft:raw_copper":9,"minecraft:bone":8,"minecraft:bow":1,"minecraft:wheat_seeds":19,"minecraft:cobbled_deepslate":103,"minecraft:raw_gold":15,"minecraft:spruce_planks":82,"minecraft:iron_ingot":5,"minecraft:azalea":7,"minecraft:moss_block":12,"minecraft:flowering_azalea":3,"minecraft:oak_planks":2,"minecraft:furnace":1,"minecraft:raw_iron":36,"minecraft:sweet_berries":52,"minecraft:torch":21,"minecraft:spruce_stairs":3,"minecraft:gravel":3,"minecraft:carrot":12,"minecraft:white_bed":1,"minecraft:spruce_log":7,"minecraft:spider_eye":1,"minecraft:rotten_flesh":11,"minecraft:diamond":14,"minecraft:bread":2,"minecraft:rooted_dirt":3,"minecraft:oak_sapling":1,"minecraft:glow_berries":8,"minecraft:white_wool":7,"minecraft:coal":69,"minecraft:rail":3,"minecraft:cobblestone":74},"minecraft:mined":{"minecraft:spruce_planks":18,"minecraft:flowering_azalea":1,"minecraft:white_bed":1,"minecraft:deepslate_diamond_ore":14,"minecraft:dandelion":1,"minecraft:torch":3,"minecraft:crafting_table":3,"minecraft:cave_vines_plant":2,"minecraft:short_grass":159,"minecraft:grass_block":39,"minecraft:tall_grass":34,"minecraft:copper_ore":2,"minecraft:cobblestone":1,"minecraft:spruce_leaves":12,"minecraft:deepslate_gold_ore":15,"minecraft:moss_block":4,"minecraft:rooted_dirt":2,"minecraft:wall_torch":4,"minecraft:spawner":2,"minecraft:large_fern":4,"minecraft:spruce_stairs":3,"minecraft:coarse_dirt":20,"minecraft:magma_block":15,"minecraft:furnace":1,"minecraft:carrots":3,"minecraft:iron_ore":28,"minecraft:cobbled_deepslate":1,"minecraft:sweet_berry_bush":24,"minecraft:spruce_log":7,"minecraft:birch_leaves":3,"minecraft:moss_carpet":4,"minecraft:oak_log":6,"minecraft:coal_ore":57,"minecraft:cave_vines":9,"minecraft:deepslate_iron_ore":9,"minecraft:vine":3,"minecraft:gravel":1,"minecraft:dirt":134,"minecraft:azalea":7,"minecraft:stone":70,"minecraft:gold_ore":1,"minecraft:deepslate":78,"minecraft:fern":4},"minecraft:custom":{"minecraft:interact_with_furnace":7,"minecraft:mob_kills":30,"minecraft:interact_with_crafting_table":18,"minecraft:leave_game":1,"minecraft:time_since_death":113647,"minecraft:sleep_in_bed":3,"minecraft:climb_one_cm":465,"minecraft:time_since_rest":3885,"minecraft:sprint_one_cm":95833,"minecraft:damage_taken":1149,"minecraft:walk_one_cm":412460,"minecraft:damage_blocked_by_shield":475,"minecraft:drop":14,"minecraft:damage_dealt":5313,"minecraft:swim_one_cm":24784,"minecraft:fly_one_cm":162089,"minecraft:open_chest":8,"minecraft:play_time":113647,"minecraft:crouch_one_cm":52832,"minecraft:sneak_time":17090,"minecraft:walk_under_water_one_cm":27147,"minecraft:jump":1344,"minecraft:walk_on_water_one_cm":42542,"minecraft:total_world_time":113647,"minecraft:fall_one_cm":22436,"minecraft:horse_one_cm":27348},"minecraft:killed":{"minecraft:cave_spider":4,"minecraft:spider":2,"minecraft:bat":1,"minecraft:creeper":1,"minecraft:skeleton":8,"minecraft:zombie":12,"minecraft:drowned":2}},"DataVersion":3953}