{"stats":{"minecraft:mined":{"minecraft:dirt":2},"minecraft:used":{"minecraft:dirt":2},"minecraft:picked_up":{"minecraft:dirt":2},"minecraft:custom":{"minecraft:jump":15,"minecraft:time_since_rest":23183,"minecraft:damage_taken":25,"minecraft:leave_game":4,"minecraft:play_time":23183,"minecraft:sprint_one_cm":546,"minecraft:time_since_death":23183,"minecraft:walk_on_water_one_cm":243,"minecraft:walk_one_cm":945,"minecraft:sneak_time":207,"minecraft:total_world_time":23183,"minecraft:walk_under_water_one_cm":103,"minecraft:fall_one_cm":418,"minecraft:fly_one_cm":94796}},"DataVersion":3953}