{"stats":{"minecraft:crafted":{"minecraft:coal_block":1,"minecraft:oak_planks":116,"minecraft:crafting_table":2,"minecraft:furnace":1,"minecraft:oak_boat":1,"minecraft:oak_chest_boat":1,"minecraft:diamond_helmet":1,"minecraft:diamond_leggings":1,"minecraft:iron_boots":1,"minecraft:shield":1,"minecraft:iron_axe":1,"minecraft:stick":16,"minecraft:iron_ingot":80,"minecraft:iron_pickaxe":6,"minecraft:gold_ingot":3,"minecraft:chest":3,"minecraft:diamond_boots":1,"minecraft:iron_leggings":1,"minecraft:diamond_chestplate":1},"minecraft:dropped":{"minecraft:bread":15,"minecraft:furnace":1,"minecraft:crafting_table":1,"minecraft:cobblestone":3,"minecraft:oak_planks":41,"minecraft:smoker":1,"minecraft:coal":50,"minecraft:mutton":3,"minecraft:chest":1,"minecraft:andesite":4,"minecraft:oak_boat":2,"minecraft:pumpkin":1},"minecraft:broken":{"minecraft:iron_pickaxe":7},"minecraft:picked_up":{"minecraft:crafting_table":2,"minecraft:iron_chestplate":1,"minecraft:cooked_beef":17,"minecraft:andesite":51,"minecraft:leather":2,"minecraft:smoker":1,"minecraft:potato":34,"minecraft:tuff":85,"minecraft:oak_log":29,"minecraft:brewing_stand":2,"minecraft:gunpowder":2,"minecraft:lapis_lazuli":96,"minecraft:dirt":13,"minecraft:raw_copper":8,"minecraft:iron_axe":1,"minecraft:iron_leggings":1,"minecraft:cooked_mutton":10,"minecraft:bone":8,"minecraft:cobbled_deepslate":1461,"minecraft:raw_gold":24,"minecraft:beef":18,"minecraft:grindstone":2,"minecraft:oak_boat":2,"minecraft:sugar_cane":10,"minecraft:chest":1,"minecraft:oak_planks":187,"minecraft:iron_boots":1,"minecraft:furnace":1,"minecraft:stick":2,"minecraft:raw_iron":84,"minecraft:oak_door":2,"minecraft:pumpkin":3,"minecraft:sweet_berries":60,"minecraft:gravel":3,"minecraft:spruce_log":88,"minecraft:white_bed":2,"minecraft:carrot":59,"minecraft:redstone":70,"minecraft:purple_bed":2,"minecraft:rotten_flesh":9,"minecraft:diamond":38,"minecraft:tropical_fish":2,"minecraft:decorated_pot":1,"minecraft:iron_helmet":1,"minecraft:bread":1,"minecraft:mutton":3,"minecraft:coal":128,"minecraft:white_wool":4,"minecraft:cobblestone":107,"minecraft:sunflower":6},"minecraft:used":{"minecraft:cooked_mutton":7,"minecraft:chest":2,"minecraft:shield":1,"minecraft:oak_door":1,"minecraft:white_wool":1,"minecraft:dirt":4,"minecraft:crafting_table":2,"minecraft:carrot":11,"minecraft:white_bed":2,"minecraft:spruce_log":24,"minecraft:iron_axe":202,"minecraft:iron_pickaxe":1760,"minecraft:gravel":1,"minecraft:cobblestone":44,"minecraft:purple_bed":2,"minecraft:furnace":1,"minecraft:andesite":4,"minecraft:oak_chest_boat":1,"minecraft:cooked_beef":7,"minecraft:potato":3,"minecraft:cobbled_deepslate":3,"minecraft:iron_leggings":1},"minecraft:mined":{"minecraft:deepslate_redstone_ore":7,"minecraft:tuff":48,"minecraft:white_bed":2,"minecraft:mossy_cobblestone":1,"minecraft:deepslate_diamond_ore":38,"minecraft:oak_door":2,"minecraft:smoker":1,"minecraft:brewing_stand":2,"minecraft:crafting_table":2,"minecraft:grass_block":2,"minecraft:decorated_pot":1,"minecraft:copper_ore":2,"minecraft:cobblestone":11,"minecraft:spruce_leaves":40,"minecraft:deepslate_gold_ore":5,"minecraft:grindstone":1,"minecraft:sugar_cane":4,"minecraft:purple_bed":2,"minecraft:redstone_ore":2,"minecraft:furnace":1,"minecraft:carrots":19,"minecraft:iron_ore":73,"minecraft:cobbled_deepslate":1,"minecraft:sweet_berry_bush":10,"minecraft:spruce_log":91,"minecraft:andesite":43,"minecraft:pumpkin":1,"minecraft:deepslate_lapis_ore":8,"minecraft:dirt_path":1,"minecraft:oak_log":29,"minecraft:potatoes":10,"minecraft:coal_ore":63,"minecraft:deepslate_iron_ore":11,"minecraft:gravel":3,"minecraft:dirt":12,"minecraft:stone":108,"minecraft:gold_ore":19,"minecraft:white_wool":1,"minecraft:oak_leaves":4,"minecraft:deepslate":1300},"minecraft:custom":{"minecraft:interact_with_furnace":13,"minecraft:mob_kills":12,"minecraft:interact_with_crafting_table":24,"minecraft:open_barrel":1,"minecraft:time_since_death":80361,"minecraft:sleep_in_bed":5,"minecraft:climb_one_cm":1428,"minecraft:time_since_rest":349,"minecraft:sprint_one_cm":279750,"minecraft:damage_taken":1243,"minecraft:walk_one_cm":449917,"minecraft:damage_blocked_by_shield":38,"minecraft:drop":14,"minecraft:damage_dealt":2069,"minecraft:swim_one_cm":146968,"minecraft:talked_to_villager":1,"minecraft:fly_one_cm":203693,"minecraft:open_chest":37,"minecraft:crouch_one_cm":282,"minecraft:play_time":179974,"minecraft:deaths":1,"minecraft:sneak_time":2985,"minecraft:walk_under_water_one_cm":37779,"minecraft:boat_one_cm":131472,"minecraft:jump":2081,"minecraft:walk_on_water_one_cm":105338,"minecraft:total_world_time":179974,"minecraft:interact_with_smoker":1,"minecraft:fall_one_cm":32887},"minecraft:killed":{"minecraft:pig":1,"minecraft:skeleton":4,"minecraft:sheep":2,"minecraft:zombie":3,"minecraft:cow":1}},"DataVersion":3953}