{"stats":{"minecraft:dropped":{"minecraft:iron_sword":3,"minecraft:lapis_lazuli":10,"minecraft:crafting_table":1,"minecraft:cooked_porkchop":11,"minecraft:crossbow":2,"minecraft:glow_berries":17,"minecraft:warped_roots":7,"minecraft:rooted_dirt":1,"minecraft:leather":8,"minecraft:red_mushroom":1,"minecraft:cyan_terracotta":5,"minecraft:cracked_polished_blackstone_bricks":24,"minecraft:dirt":5,"minecraft:gray_concrete":1,"minecraft:crimson_roots":1,"minecraft:gold_nugget":13,"minecraft:bone_meal":41,"minecraft:bone_block":45,"minecraft:sunflower":1,"minecraft:polished_blackstone_bricks":25,"minecraft:iron_pickaxe":1,"minecraft:white_wool":4,"minecraft:gold_ingot":8,"minecraft:bone":36,"minecraft:oak_door":1,"minecraft:chiseled_polished_blackstone":5,"minecraft:stone_axe":1,"minecraft:compass":1,"minecraft:blackstone":9,"minecraft:golden_chestplate":1,"minecraft:cobbled_deepslate":28,"minecraft:wheat":21,"minecraft:obsidian":11,"minecraft:rotten_flesh":7,"minecraft:oak_planks":2,"minecraft:cooked_mutton":1,"minecraft:white_bed":1,"minecraft:warped_planks":3,"minecraft:carrot":118,"minecraft:poppy":8,"minecraft:hopper":3,"minecraft:chest":6,"minecraft:basalt":5,"minecraft:arrow":8,"minecraft:ghast_tear":1,"minecraft:quartz":73,"minecraft:netherrack":171,"minecraft:golden_boots":1,"minecraft:wheat_seeds":9,"minecraft:golden_helmet":1,"minecraft:polished_blackstone":3,"minecraft:poisonous_potato":2,"minecraft:golden_axe":1,"minecraft:iron_helmet":1,"minecraft:cobblestone":6,"minecraft:lead":1,"minecraft:book":22,"minecraft:spectral_arrow":1,"minecraft:golden_apple":1,"minecraft:stick":15,"minecraft:golden_carrot":73,"minecraft:smooth_quartz":5,"minecraft:iron_axe":1,"minecraft:paper":1,"minecraft:string":12,"minecraft:spruce_sapling":16,"minecraft:smooth_basalt":1,"minecraft:redstone":2,"minecraft:moss_carpet":1,"minecraft:kelp":19,"minecraft:coarse_dirt":7,"minecraft:tuff":3,"minecraft:light_gray_wool":2,"minecraft:iron_boots":1,"minecraft:cherry_slab":4,"minecraft:white_terracotta":1,"minecraft:diamond_sword":1,"minecraft:potato":1,"minecraft:black_concrete_powder":6,"minecraft:spruce_planks":5,"minecraft:iron_chestplate":1,"minecraft:andesite":2,"minecraft:oak_sapling":1,"minecraft:golden_sword":2,"minecraft:spider_eye":3,"minecraft:red_sand":2,"minecraft:bow":3,"minecraft:wooden_pickaxe":1,"minecraft:raw_gold":25},"minecraft:broken":{"minecraft:stone_axe":1},"minecraft:used":{"minecraft:red_sand":1,"minecraft:spruce_slab":9,"minecraft:diamond_hoe":3,"minecraft:chest":2,"minecraft:white_terracotta":11,"minecraft:shield":106,"minecraft:iron_sword":117,"minecraft:rotten_flesh":2,"minecraft:iron_chestplate":1,"minecraft:carrot":75,"minecraft:spruce_boat":2,"minecraft:cyan_terracotta":6,"minecraft:bow":7,"minecraft:furnace":6,"minecraft:oak_planks":48,"minecraft:stone_pickaxe":116,"minecraft:blackstone":102,"minecraft:wooden_pickaxe":3,"minecraft:composter":1,"minecraft:diamond_axe":3180,"minecraft:sugar_cane":8,"minecraft:glow_berries":32,"minecraft:blast_furnace":4,"minecraft:crossbow":24,"minecraft:string":1,"minecraft:bread":5,"minecraft:lectern":719,"minecraft:diamond_sword":414,"minecraft:grindstone":2,"minecraft:compass":1,"minecraft:oak_boat":2,"minecraft:coarse_dirt":2,"minecraft:bone_meal":88,"minecraft:cherry_boat":4,"minecraft:spruce_planks":154,"minecraft:netherrack":51,"minecraft:torch":43,"minecraft:brewing_stand":3,"minecraft:dirt":96,"minecraft:anvil":2,"minecraft:chipped_anvil":1,"minecraft:bookshelf":2,"minecraft:rooted_dirt":1,"minecraft:iron_axe":280,"minecraft:cherry_slab":18,"minecraft:iron_boots":1,"minecraft:golden_carrot":96,"minecraft:beef":1,"minecraft:cooked_beef":6,"minecraft:cobbled_deepslate":174,"minecraft:calcite":17,"minecraft:wheat_seeds":111,"minecraft:cooked_mutton":10,"minecraft:lodestone":2,"minecraft:baked_potato":13,"minecraft:cartography_table":4,"minecraft:cherry_planks":30,"minecraft:crafting_table":15,"minecraft:white_bed":4,"minecraft:campfire":3,"minecraft:spruce_log":9,"minecraft:diamond_pickaxe":1606,"minecraft:iron_pickaxe":98,"minecraft:spruce_sapling":153,"minecraft:stone_axe":175,"minecraft:cobblestone":151,"minecraft:cooked_porkchop":5},"minecraft:crafted":{"minecraft:oak_planks":68,"minecraft:cherry_slab":18,"minecraft:cherry_boat":1,"minecraft:bookshelf":8,"minecraft:cooked_mutton":2,"minecraft:diamond_helmet":2,"minecraft:diamond_leggings":2,"minecraft:bow":1,"minecraft:iron_boots":1,"minecraft:chest":8,"minecraft:emerald":692,"minecraft:cooked_porkchop":3,"minecraft:diamond_axe":2,"minecraft:crafting_table":9,"minecraft:spruce_planks":10799,"minecraft:wooden_pickaxe":1,"minecraft:campfire":3,"minecraft:cartography_table":1,"minecraft:lectern":5,"minecraft:iron_chestplate":2,"minecraft:paper":3,"minecraft:diamond_pickaxe":1,"minecraft:shield":3,"minecraft:stick":21678,"minecraft:compass":2,"minecraft:iron_ingot":150,"minecraft:iron_block":6,"minecraft:gold_ingot":112,"minecraft:golden_carrot":254,"minecraft:cherry_planks":120,"minecraft:raw_iron":27,"minecraft:furnace":2,"minecraft:bone_meal":15,"minecraft:iron_axe":2,"minecraft:spruce_slab":6,"minecraft:stone_pickaxe":1,"minecraft:diamond_boots":2,"minecraft:spruce_boat":3,"minecraft:diamond_sword":1,"minecraft:stone_axe":2,"minecraft:enchanted_book":20,"minecraft:bread":5,"minecraft:air":0,"minecraft:oak_boat":1,"minecraft:gold_nugget":1602,"minecraft:iron_leggings":1,"minecraft:anvil":2,"minecraft:white_bed":1,"minecraft:torch":36,"minecraft:diamond_chestplate":2},"minecraft:picked_up":{"minecraft:wheat":36,"minecraft:flower_pot":1,"minecraft:lead":3,"minecraft:diamond_sword":1,"minecraft:wither_rose":4,"minecraft:enchanted_book":3,"minecraft:brewing_stand":3,"minecraft:golden_sword":2,"minecraft:string":40,"minecraft:cherry_boat":4,"minecraft:red_sand":6,"minecraft:gold_nugget":517,"minecraft:cobbled_deepslate":146,"minecraft:spruce_planks":108,"minecraft:calcite":36,"minecraft:netherite_upgrade_smithing_template":1,"minecraft:smooth_quartz":5,"minecraft:furnace":6,"minecraft:golden_helmet":1,"minecraft:stick":81,"minecraft:composter":3,"minecraft:torch":10,"minecraft:porkchop":10,"minecraft:golden_axe":1,"minecraft:warped_planks":3,"minecraft:golden_chestplate":1,"minecraft:stone_sword":1,"minecraft:rotten_flesh":35,"minecraft:cyan_terracotta":11,"minecraft:white_terracotta":12,"minecraft:obsidian":18,"minecraft:snowball":1,"minecraft:cobblestone":173,"minecraft:magma_block":1,"minecraft:cooked_beef":4,"minecraft:magma_cream":1,"minecraft:cherry_planks":25,"minecraft:andesite":2,"minecraft:potato":6,"minecraft:tuff":3,"minecraft:gray_concrete":1,"minecraft:lapis_lazuli":139,"minecraft:dirt":107,"minecraft:name_tag":2,"minecraft:bone":38,"minecraft:chipped_anvil":1,"minecraft:bow":3,"minecraft:wheat_seeds":121,"minecraft:raw_gold":43,"minecraft:grindstone":1,"minecraft:glowstone_dust":41,"minecraft:oak_planks":19,"minecraft:ghast_tear":1,"minecraft:chiseled_polished_blackstone":5,"minecraft:cooked_porkchop":15,"minecraft:poisonous_potato":2,"minecraft:stripped_spruce_log":10,"minecraft:black_concrete_powder":6,"minecraft:diamond":49,"minecraft:spruce_boat":2,"minecraft:cracked_polished_blackstone_bricks":24,"minecraft:crossbow":4,"minecraft:golden_apple":1,"minecraft:emerald":5,"minecraft:rooted_dirt":2,"minecraft:oak_sapling":1,"minecraft:cherry_slab":17,"minecraft:netherrack":617,"minecraft:crimson_roots":8,"minecraft:coarse_dirt":9,"minecraft:crafting_table":7,"minecraft:ladder":4,"minecraft:gold_block":19,"minecraft:moss_carpet":1,"minecraft:blackstone":111,"minecraft:cartography_table":3,"minecraft:beef":5,"minecraft:oak_boat":1,"minecraft:light_gray_wool":2,"minecraft:poppy":8,"minecraft:spruce_slab":16,"minecraft:lectern":714,"minecraft:sugar_cane":18,"minecraft:diamond_hoe":1,"minecraft:raw_iron":41,"minecraft:oak_door":2,"minecraft:polished_blackstone_bricks":25,"minecraft:cake":1,"minecraft:carrot":459,"minecraft:redstone":18,"minecraft:iron_horse_armor":1,"minecraft:totem_of_undying":1,"minecraft:saddle":1,"minecraft:gold_ingot":23,"minecraft:polished_blackstone":3,"minecraft:glow_berries":17,"minecraft:mutton":10,"minecraft:bone_block":103,"minecraft:white_wool":7,"minecraft:basalt":5,"minecraft:golden_carrot":30,"minecraft:leather":10,"minecraft:red_mushroom":1,"minecraft:filled_map":1,"minecraft:oak_log":29,"minecraft:ancient_debris":2,"minecraft:golden_boots":1,"minecraft:gunpowder":2,"minecraft:cooked_mutton":9,"minecraft:kelp":19,"minecraft:red_sandstone":117,"minecraft:iron_ingot":25,"minecraft:mangrove_planks":2,"minecraft:iron_sword":3,"minecraft:book":14,"minecraft:smooth_basalt":1,"minecraft:quartz":306,"minecraft:raw_iron_block":3,"minecraft:spruce_sapling":156,"minecraft:soul_torch":5,"minecraft:blast_furnace":1,"minecraft:white_bed":4,"minecraft:spruce_log":2436,"minecraft:crying_obsidian":1,"minecraft:spider_eye":3,"minecraft:stone_axe":1,"minecraft:warped_roots":7,"minecraft:lodestone":1,"minecraft:baked_potato":13,"minecraft:coal":67,"minecraft:hopper":3,"minecraft:sunflower":1},"minecraft:mined":{"minecraft:spruce_planks":83,"minecraft:white_bed":3,"minecraft:red_nether_bricks":1,"minecraft:obsidian":12,"minecraft:spruce_trapdoor":1,"minecraft:red_sand":4,"minecraft:grass_block":11,"minecraft:cracked_polished_blackstone_bricks":25,"minecraft:composter":3,"minecraft:hopper":3,"minecraft:spawner":3,"minecraft:polished_blackstone_bricks":23,"minecraft:magma_block":2,"minecraft:raw_iron_block":3,"minecraft:glowstone":15,"minecraft:iron_ore":19,"minecraft:cobbled_deepslate":8,"minecraft:fire":22,"minecraft:moss_carpet":1,"minecraft:deepslate_lapis_ore":14,"minecraft:cave_vines":1,"minecraft:spruce_slab":16,"minecraft:tripwire":1,"minecraft:deepslate_redstone_ore":3,"minecraft:cyan_terracotta":13,"minecraft:blackstone":65,"minecraft:crimson_nylium":3,"minecraft:soul_fire":100,"minecraft:torch":5,"minecraft:blast_furnace":1,"minecraft:calcite":36,"minecraft:nether_quartz_ore":172,"minecraft:cobblestone":39,"minecraft:grindstone":1,"minecraft:sugar_cane":9,"minecraft:oak_planks":17,"minecraft:wall_torch":2,"minecraft:cherry_slab":15,"minecraft:white_terracotta":11,"minecraft:light_weighted_pressure_plate":1,"minecraft:warped_nylium":1,"minecraft:wheat":58,"minecraft:wither_rose":2,"minecraft:oak_log":30,"minecraft:dirt":6,"minecraft:smooth_quartz":27,"minecraft:smooth_basalt":1,"minecraft:ancient_debris":2,"minecraft:netherrack":602,"minecraft:oak_leaves":2,"minecraft:deepslate":111,"minecraft:nether_gold_ore":64,"minecraft:crying_obsidian":1,"minecraft:tuff":5,"minecraft:potted_wither_rose":1,"minecraft:deepslate_diamond_ore":50,"minecraft:oak_door":1,"minecraft:crimson_roots":9,"minecraft:spruce_leaves":49,"minecraft:cartography_table":3,"minecraft:spruce_sapling":30,"minecraft:furnace":6,"minecraft:carrots":149,"minecraft:red_sandstone":121,"minecraft:nether_sprouts":2,"minecraft:andesite":15,"minecraft:stripped_spruce_log":2,"minecraft:gold_block":19,"minecraft:bookshelf":2,"minecraft:potatoes":2,"minecraft:deepslate_iron_ore":23,"minecraft:stone":130,"minecraft:bone_block":111,"minecraft:gray_concrete":3,"minecraft:cherry_planks":25,"minecraft:basalt":5,"minecraft:crafting_table":8,"minecraft:short_grass":118,"minecraft:warped_roots":4,"minecraft:lectern":714,"minecraft:tall_grass":39,"minecraft:lapis_ore":6,"minecraft:red_terracotta":6,"minecraft:coarse_dirt":2,"minecraft:spruce_log":2424,"minecraft:mangrove_planks":2,"minecraft:coal_ore":29,"minecraft:sunflower":1,"minecraft:cobweb":29,"minecraft:polished_blackstone":2,"minecraft:iron_trapdoor":1},"minecraft:custom":{"minecraft:interact_with_crafting_table":86,"minecraft:open_barrel":88,"minecraft:bell_ring":5,"minecraft:leave_game":20,"minecraft:time_since_death":412614,"minecraft:sprint_one_cm":1473834,"minecraft:damage_blocked_by_shield":3680,"minecraft:drop":172,"minecraft:talked_to_villager":1465,"minecraft:play_time":571801,"minecraft:deaths":1,"minecraft:jump":11864,"minecraft:walk_on_water_one_cm":38830,"minecraft:enchant_item":7,"minecraft:interact_with_furnace":50,"minecraft:traded_with_villager":720,"minecraft:interact_with_cartography_table":2,"minecraft:interact_with_loom":1,"minecraft:sleep_in_bed":29,"minecraft:damage_dealt":45243,"minecraft:player_kills":7,"minecraft:crouch_one_cm":107922,"minecraft:interact_with_smoker":2,"minecraft:mob_kills":228,"minecraft:interact_with_anvil":31,"minecraft:interact_with_campfire":28,"minecraft:damage_dealt_resisted":799,"minecraft:climb_one_cm":13139,"minecraft:walk_one_cm":1182347,"minecraft:damage_dealt_absorbed":1693,"minecraft:sneak_time":24799,"minecraft:walk_under_water_one_cm":13192,"minecraft:boat_one_cm":51423,"minecraft:interact_with_blast_furnace":34,"minecraft:total_world_time":571801,"minecraft:interact_with_grindstone":9,"minecraft:time_since_rest":41572,"minecraft:damage_taken":8550,"minecraft:swim_one_cm":40078,"minecraft:fly_one_cm":1946070,"minecraft:open_chest":381,"minecraft:fall_one_cm":332416},"minecraft:killed":{"minecraft:cave_spider":4,"minecraft:witch":1,"minecraft:spider":11,"minecraft:skeleton":32,"minecraft:illusioner":1,"minecraft:piglin_brute":3,"minecraft:magma_cube":12,"minecraft:piglin":25,"minecraft:pig":4,"minecraft:zombie_villager":1,"minecraft:iron_golem":6,"minecraft:creeper":2,"minecraft:sheep":8,"minecraft:pillager":27,"minecraft:zombie":30,"minecraft:ghast":8,"minecraft:cow":2,"minecraft:blaze":10,"minecraft:vex":7,"minecraft:evoker":1,"minecraft:vindicator":6,"minecraft:phantom":1,"minecraft:horse":1,"minecraft:wandering_trader":1,"minecraft:hoglin":4,"minecraft:wither_skeleton":3}},"DataVersion":3953}