{"stats":{"minecraft:dropped":{"minecraft:iron_sword":2,"minecraft:wheat_seeds":2,"minecraft:golden_helmet":1,"minecraft:crafting_table":1,"minecraft:lead":1,"minecraft:iron_helmet":1,"minecraft:cobblestone":6,"minecraft:glow_berries":17,"minecraft:book":22,"minecraft:leather":2,"minecraft:golden_apple":1,"minecraft:golden_carrot":10,"minecraft:gold_nugget":7,"minecraft:bone_meal":41,"minecraft:sunflower":1,"minecraft:iron_axe":1,"minecraft:iron_pickaxe":1,"minecraft:white_wool":4,"minecraft:spruce_sapling":16,"minecraft:gold_ingot":8,"minecraft:bone":20,"minecraft:oak_door":1,"minecraft:stone_axe":1,"minecraft:moss_carpet":1,"minecraft:cobbled_deepslate":25,"minecraft:tuff":3,"minecraft:wheat":20,"minecraft:obsidian":10,"minecraft:rotten_flesh":2,"minecraft:light_gray_wool":2,"minecraft:oak_planks":2,"minecraft:iron_boots":1,"minecraft:cooked_mutton":1,"minecraft:white_terracotta":1,"minecraft:white_bed":1,"minecraft:carrot":66,"minecraft:poppy":4,"minecraft:iron_chestplate":1,"minecraft:andesite":2,"minecraft:oak_sapling":1,"minecraft:spider_eye":2,"minecraft:basalt":1,"minecraft:arrow":1,"minecraft:wooden_pickaxe":1,"minecraft:raw_gold":25},"minecraft:broken":{"minecraft:stone_axe":1},"minecraft:used":{"minecraft:spruce_slab":4,"minecraft:diamond_hoe":3,"minecraft:spruce_planks":84,"minecraft:white_terracotta":11,"minecraft:shield":55,"minecraft:iron_sword":117,"minecraft:rotten_flesh":2,"minecraft:iron_chestplate":1,"minecraft:torch":40,"minecraft:brewing_stand":3,"minecraft:dirt":7,"minecraft:carrot":9,"minecraft:spruce_boat":1,"minecraft:chipped_anvil":1,"minecraft:iron_axe":280,"minecraft:iron_boots":1,"minecraft:golden_carrot":24,"minecraft:beef":1,"minecraft:furnace":6,"minecraft:cooked_beef":6,"minecraft:cobbled_deepslate":110,"minecraft:calcite":17,"minecraft:cooked_mutton":10,"minecraft:wheat_seeds":111,"minecraft:baked_potato":13,"minecraft:stone_pickaxe":116,"minecraft:oak_planks":48,"minecraft:wooden_pickaxe":3,"minecraft:composter":1,"minecraft:diamond_axe":961,"minecraft:glow_berries":32,"minecraft:crafting_table":12,"minecraft:white_bed":4,"minecraft:campfire":3,"minecraft:spruce_log":8,"minecraft:diamond_pickaxe":421,"minecraft:bread":5,"minecraft:string":1,"minecraft:iron_pickaxe":98,"minecraft:lectern":409,"minecraft:spruce_sapling":20,"minecraft:stone_axe":175,"minecraft:cobblestone":151,"minecraft:cooked_porkchop":3,"minecraft:oak_boat":2,"minecraft:bone_meal":68},"minecraft:picked_up":{"minecraft:crafting_table":7,"minecraft:wheat":35,"minecraft:lead":3,"minecraft:brewing_stand":3,"minecraft:string":28,"minecraft:moss_carpet":1,"minecraft:gold_nugget":7,"minecraft:cobbled_deepslate":143,"minecraft:spruce_planks":29,"minecraft:beef":5,"minecraft:oak_boat":1,"minecraft:calcite":36,"minecraft:poppy":4,"minecraft:light_gray_wool":2,"minecraft:spruce_slab":4,"minecraft:lectern":409,"minecraft:diamond_hoe":1,"minecraft:furnace":4,"minecraft:golden_helmet":1,"minecraft:stick":15,"minecraft:raw_iron":36,"minecraft:oak_door":2,"minecraft:composter":3,"minecraft:torch":8,"minecraft:porkchop":10,"minecraft:carrot":191,"minecraft:redstone":15,"minecraft:iron_horse_armor":1,"minecraft:stone_sword":1,"minecraft:rotten_flesh":29,"minecraft:saddle":1,"minecraft:gold_ingot":8,"minecraft:white_terracotta":12,"minecraft:glow_berries":17,"minecraft:obsidian":17,"minecraft:mutton":10,"minecraft:snowball":1,"minecraft:white_wool":7,"minecraft:cobblestone":171,"minecraft:magma_block":1,"minecraft:cooked_beef":4,"minecraft:basalt":1,"minecraft:golden_carrot":1,"minecraft:andesite":2,"minecraft:leather":4,"minecraft:filled_map":1,"minecraft:tuff":3,"minecraft:oak_log":29,"minecraft:gunpowder":2,"minecraft:lapis_lazuli":134,"minecraft:dirt":13,"minecraft:name_tag":2,"minecraft:cooked_mutton":9,"minecraft:bone":20,"minecraft:chipped_anvil":1,"minecraft:wheat_seeds":114,"minecraft:raw_gold":25,"minecraft:iron_ingot":10,"minecraft:glowstone_dust":41,"minecraft:iron_sword":2,"minecraft:oak_planks":18,"minecraft:book":1,"minecraft:quartz":42,"minecraft:poisonous_potato":2,"minecraft:stripped_spruce_log":8,"minecraft:spruce_sapling":33,"minecraft:white_bed":4,"minecraft:spruce_log":721,"minecraft:crying_obsidian":1,"minecraft:spider_eye":2,"minecraft:spruce_boat":1,"minecraft:diamond":49,"minecraft:stone_axe":1,"minecraft:crossbow":1,"minecraft:golden_apple":1,"minecraft:baked_potato":13,"minecraft:oak_sapling":1,"minecraft:netherrack":86,"minecraft:coal":35,"minecraft:crimson_roots":7,"minecraft:sunflower":1},"minecraft:crafted":{"minecraft:golden_carrot":51,"minecraft:oak_planks":68,"minecraft:furnace":2,"minecraft:cooked_mutton":2,"minecraft:diamond_helmet":2,"minecraft:iron_boots":1,"minecraft:diamond_leggings":2,"minecraft:iron_axe":2,"minecraft:stone_pickaxe":1,"minecraft:diamond_boots":2,"minecraft:spruce_boat":1,"minecraft:emerald":170,"minecraft:cooked_porkchop":3,"minecraft:diamond_axe":1,"minecraft:crafting_table":6,"minecraft:spruce_planks":2860,"minecraft:wooden_pickaxe":1,"minecraft:campfire":3,"minecraft:stone_axe":2,"minecraft:enchanted_book":2,"minecraft:bread":5,"minecraft:air":0,"minecraft:oak_boat":1,"minecraft:iron_chestplate":2,"minecraft:diamond_pickaxe":1,"minecraft:gold_nugget":414,"minecraft:shield":2,"minecraft:stick":5573,"minecraft:iron_ingot":53,"minecraft:iron_leggings":1,"minecraft:gold_ingot":25,"minecraft:white_bed":1,"minecraft:torch":36,"minecraft:diamond_chestplate":2},"minecraft:mined":{"minecraft:crying_obsidian":1,"minecraft:tuff":5,"minecraft:spruce_planks":24,"minecraft:white_bed":3,"minecraft:deepslate_diamond_ore":50,"minecraft:oak_door":1,"minecraft:obsidian":12,"minecraft:spruce_trapdoor":1,"minecraft:grass_block":5,"minecraft:crimson_roots":8,"minecraft:spruce_leaves":7,"minecraft:composter":3,"minecraft:spawner":1,"minecraft:magma_block":1,"minecraft:glowstone":15,"minecraft:spruce_sapling":22,"minecraft:furnace":4,"minecraft:carrots":84,"minecraft:iron_ore":14,"minecraft:cobbled_deepslate":6,"minecraft:fire":1,"minecraft:andesite":15,"minecraft:stripped_spruce_log":1,"minecraft:moss_carpet":1,"minecraft:deepslate_lapis_ore":14,"minecraft:cave_vines":1,"minecraft:deepslate_iron_ore":23,"minecraft:stone":128,"minecraft:spruce_slab":4,"minecraft:tripwire":1,"minecraft:deepslate_redstone_ore":3,"minecraft:blackstone":1,"minecraft:basalt":1,"minecraft:crafting_table":7,"minecraft:torch":5,"minecraft:short_grass":88,"minecraft:calcite":36,"minecraft:lectern":409,"minecraft:nether_quartz_ore":46,"minecraft:tall_grass":34,"minecraft:cobblestone":39,"minecraft:lapis_ore":6,"minecraft:oak_planks":16,"minecraft:wall_torch":1,"minecraft:white_terracotta":11,"minecraft:wheat":57,"minecraft:spruce_log":703,"minecraft:oak_log":30,"minecraft:coal_ore":15,"minecraft:sunflower":1,"minecraft:dirt":3,"minecraft:cobweb":14,"minecraft:netherrack":86,"minecraft:oak_leaves":2,"minecraft:deepslate":111},"minecraft:custom":{"minecraft:interact_with_anvil":5,"minecraft:mob_kills":86,"minecraft:interact_with_crafting_table":51,"minecraft:open_barrel":24,"minecraft:interact_with_campfire":28,"minecraft:leave_game":16,"minecraft:time_since_death":110409,"minecraft:climb_one_cm":6770,"minecraft:sprint_one_cm":619646,"minecraft:walk_one_cm":520404,"minecraft:damage_blocked_by_shield":2274,"minecraft:drop":66,"minecraft:talked_to_villager":897,"minecraft:play_time":269596,"minecraft:sneak_time":11825,"minecraft:deaths":1,"minecraft:walk_under_water_one_cm":6410,"minecraft:boat_one_cm":51423,"minecraft:jump":5673,"minecraft:interact_with_blast_furnace":1,"minecraft:walk_on_water_one_cm":32542,"minecraft:total_world_time":269596,"minecraft:interact_with_furnace":47,"minecraft:traded_with_villager":174,"minecraft:sleep_in_bed":17,"minecraft:time_since_rest":1292,"minecraft:damage_taken":4130,"minecraft:damage_dealt":18403,"minecraft:swim_one_cm":10239,"minecraft:fly_one_cm":851657,"minecraft:player_kills":7,"minecraft:open_chest":89,"minecraft:crouch_one_cm":61461,"minecraft:fall_one_cm":147988},"minecraft:killed":{"minecraft:vex":2,"minecraft:cave_spider":4,"minecraft:spider":9,"minecraft:skeleton":16,"minecraft:horse":1,"minecraft:piglin":9,"minecraft:pig":2,"minecraft:zombie_villager":1,"minecraft:iron_golem":2,"minecraft:wandering_trader":1,"minecraft:hoglin":1,"minecraft:creeper":1,"minecraft:sheep":8,"minecraft:zombie":21,"minecraft:wither_skeleton":3,"minecraft:cow":2}},"DataVersion":3953}