{"stats":{"minecraft:dropped":{"minecraft:iron_sword":2,"minecraft:wheat_seeds":9,"minecraft:golden_helmet":1,"minecraft:crafting_table":1,"minecraft:poisonous_potato":2,"minecraft:lead":1,"minecraft:iron_helmet":1,"minecraft:cobblestone":6,"minecraft:glow_berries":17,"minecraft:book":22,"minecraft:rooted_dirt":1,"minecraft:leather":2,"minecraft:golden_apple":1,"minecraft:dirt":5,"minecraft:golden_carrot":10,"minecraft:gold_nugget":13,"minecraft:bone_meal":41,"minecraft:sunflower":1,"minecraft:iron_axe":1,"minecraft:iron_pickaxe":1,"minecraft:paper":1,"minecraft:string":2,"minecraft:white_wool":4,"minecraft:spruce_sapling":16,"minecraft:gold_ingot":8,"minecraft:bone":21,"minecraft:oak_door":1,"minecraft:stone_axe":1,"minecraft:moss_carpet":1,"minecraft:coarse_dirt":7,"minecraft:cobbled_deepslate":25,"minecraft:tuff":3,"minecraft:wheat":21,"minecraft:obsidian":10,"minecraft:rotten_flesh":7,"minecraft:light_gray_wool":2,"minecraft:oak_planks":2,"minecraft:iron_boots":1,"minecraft:cooked_mutton":1,"minecraft:white_terracotta":1,"minecraft:white_bed":1,"minecraft:carrot":118,"minecraft:poppy":8,"minecraft:iron_chestplate":1,"minecraft:andesite":2,"minecraft:oak_sapling":1,"minecraft:spider_eye":3,"minecraft:bow":1,"minecraft:basalt":1,"minecraft:arrow":1,"minecraft:wooden_pickaxe":1,"minecraft:raw_gold":25},"minecraft:broken":{"minecraft:stone_axe":1},"minecraft:used":{"minecraft:spruce_slab":9,"minecraft:diamond_hoe":3,"minecraft:chest":2,"minecraft:spruce_planks":147,"minecraft:white_terracotta":11,"minecraft:shield":56,"minecraft:iron_sword":117,"minecraft:rotten_flesh":2,"minecraft:iron_chestplate":1,"minecraft:torch":43,"minecraft:brewing_stand":3,"minecraft:dirt":96,"minecraft:anvil":1,"minecraft:carrot":75,"minecraft:spruce_boat":2,"minecraft:rooted_dirt":1,"minecraft:chipped_anvil":1,"minecraft:iron_axe":280,"minecraft:cherry_slab":4,"minecraft:iron_boots":1,"minecraft:golden_carrot":34,"minecraft:beef":1,"minecraft:furnace":6,"minecraft:cooked_beef":6,"minecraft:cobbled_deepslate":110,"minecraft:calcite":17,"minecraft:cooked_mutton":10,"minecraft:wheat_seeds":111,"minecraft:baked_potato":13,"minecraft:stone_pickaxe":116,"minecraft:oak_planks":48,"minecraft:cartography_table":4,"minecraft:cherry_planks":30,"minecraft:wooden_pickaxe":3,"minecraft:composter":1,"minecraft:diamond_axe":1758,"minecraft:sugar_cane":8,"minecraft:glow_berries":32,"minecraft:crafting_table":12,"minecraft:blast_furnace":4,"minecraft:white_bed":4,"minecraft:campfire":3,"minecraft:spruce_log":8,"minecraft:diamond_pickaxe":423,"minecraft:bread":5,"minecraft:string":1,"minecraft:iron_pickaxe":98,"minecraft:lectern":482,"minecraft:spruce_sapling":59,"minecraft:stone_axe":175,"minecraft:cobblestone":151,"minecraft:cooked_porkchop":3,"minecraft:oak_boat":2,"minecraft:coarse_dirt":2,"minecraft:bone_meal":88},"minecraft:picked_up":{"minecraft:crafting_table":7,"minecraft:coarse_dirt":9,"minecraft:wheat":36,"minecraft:lead":3,"minecraft:brewing_stand":3,"minecraft:string":30,"minecraft:moss_carpet":1,"minecraft:cartography_table":3,"minecraft:gold_nugget":7,"minecraft:cobbled_deepslate":143,"minecraft:spruce_planks":90,"minecraft:beef":5,"minecraft:oak_boat":1,"minecraft:calcite":36,"minecraft:poppy":8,"minecraft:light_gray_wool":2,"minecraft:spruce_slab":15,"minecraft:lectern":479,"minecraft:sugar_cane":18,"minecraft:diamond_hoe":1,"minecraft:furnace":6,"minecraft:golden_helmet":1,"minecraft:stick":33,"minecraft:raw_iron":36,"minecraft:oak_door":2,"minecraft:composter":3,"minecraft:torch":10,"minecraft:porkchop":10,"minecraft:carrot":427,"minecraft:redstone":15,"minecraft:iron_horse_armor":1,"minecraft:stone_sword":1,"minecraft:rotten_flesh":35,"minecraft:saddle":1,"minecraft:gold_ingot":10,"minecraft:white_terracotta":12,"minecraft:glow_berries":17,"minecraft:obsidian":17,"minecraft:mutton":10,"minecraft:snowball":1,"minecraft:white_wool":7,"minecraft:cobblestone":171,"minecraft:magma_block":1,"minecraft:cooked_beef":4,"minecraft:basalt":1,"minecraft:cherry_planks":25,"minecraft:golden_carrot":1,"minecraft:andesite":2,"minecraft:leather":4,"minecraft:potato":5,"minecraft:filled_map":1,"minecraft:tuff":3,"minecraft:oak_log":29,"minecraft:gunpowder":2,"minecraft:lapis_lazuli":134,"minecraft:dirt":107,"minecraft:name_tag":2,"minecraft:cooked_mutton":9,"minecraft:bone":21,"minecraft:chipped_anvil":1,"minecraft:wheat_seeds":120,"minecraft:raw_gold":43,"minecraft:iron_ingot":25,"minecraft:glowstone_dust":41,"minecraft:iron_sword":2,"minecraft:oak_planks":19,"minecraft:book":7,"minecraft:quartz":42,"minecraft:poisonous_potato":2,"minecraft:stripped_spruce_log":9,"minecraft:spruce_sapling":60,"minecraft:white_bed":4,"minecraft:spruce_log":1293,"minecraft:crying_obsidian":1,"minecraft:spider_eye":3,"minecraft:spruce_boat":2,"minecraft:diamond":49,"minecraft:stone_axe":1,"minecraft:crossbow":1,"minecraft:golden_apple":1,"minecraft:rooted_dirt":2,"minecraft:baked_potato":13,"minecraft:cherry_slab":4,"minecraft:oak_sapling":1,"minecraft:netherrack":86,"minecraft:coal":48,"minecraft:crimson_roots":7,"minecraft:sunflower":1},"minecraft:crafted":{"minecraft:golden_carrot":83,"minecraft:cherry_planks":120,"minecraft:oak_planks":68,"minecraft:cherry_slab":6,"minecraft:furnace":2,"minecraft:bone_meal":15,"minecraft:bookshelf":4,"minecraft:cooked_mutton":2,"minecraft:bow":1,"minecraft:diamond_helmet":2,"minecraft:iron_boots":1,"minecraft:diamond_leggings":2,"minecraft:iron_axe":2,"minecraft:spruce_slab":6,"minecraft:stone_pickaxe":1,"minecraft:chest":2,"minecraft:diamond_boots":2,"minecraft:spruce_boat":1,"minecraft:emerald":325,"minecraft:cooked_porkchop":3,"minecraft:diamond_axe":1,"minecraft:crafting_table":6,"minecraft:spruce_planks":5071,"minecraft:wooden_pickaxe":1,"minecraft:campfire":3,"minecraft:stone_axe":2,"minecraft:enchanted_book":8,"minecraft:bread":5,"minecraft:air":0,"minecraft:cartography_table":1,"minecraft:oak_boat":1,"minecraft:lectern":3,"minecraft:paper":3,"minecraft:iron_chestplate":2,"minecraft:diamond_pickaxe":1,"minecraft:gold_nugget":675,"minecraft:shield":2,"minecraft:stick":10355,"minecraft:iron_ingot":62,"minecraft:iron_block":3,"minecraft:iron_leggings":1,"minecraft:gold_ingot":58,"minecraft:anvil":1,"minecraft:white_bed":1,"minecraft:torch":36,"minecraft:diamond_chestplate":2},"minecraft:mined":{"minecraft:crying_obsidian":1,"minecraft:tuff":5,"minecraft:spruce_planks":72,"minecraft:white_bed":3,"minecraft:deepslate_diamond_ore":50,"minecraft:oak_door":1,"minecraft:obsidian":12,"minecraft:spruce_trapdoor":1,"minecraft:grass_block":11,"minecraft:crimson_roots":8,"minecraft:cartography_table":3,"minecraft:spruce_leaves":10,"minecraft:composter":3,"minecraft:spawner":1,"minecraft:magma_block":1,"minecraft:glowstone":15,"minecraft:spruce_sapling":25,"minecraft:furnace":6,"minecraft:carrots":149,"minecraft:iron_ore":14,"minecraft:fire":1,"minecraft:cobbled_deepslate":6,"minecraft:andesite":15,"minecraft:stripped_spruce_log":1,"minecraft:moss_carpet":1,"minecraft:deepslate_lapis_ore":14,"minecraft:potatoes":2,"minecraft:cave_vines":1,"minecraft:deepslate_iron_ore":23,"minecraft:stone":128,"minecraft:spruce_slab":15,"minecraft:tripwire":1,"minecraft:deepslate_redstone_ore":3,"minecraft:cherry_planks":25,"minecraft:blackstone":1,"minecraft:basalt":1,"minecraft:crafting_table":7,"minecraft:torch":5,"minecraft:short_grass":111,"minecraft:calcite":36,"minecraft:lectern":479,"minecraft:sugar_cane":9,"minecraft:nether_quartz_ore":46,"minecraft:tall_grass":37,"minecraft:cobblestone":39,"minecraft:lapis_ore":6,"minecraft:oak_planks":17,"minecraft:wall_torch":2,"minecraft:cherry_slab":4,"minecraft:white_terracotta":11,"minecraft:coarse_dirt":2,"minecraft:wheat":58,"minecraft:spruce_log":1275,"minecraft:oak_log":30,"minecraft:coal_ore":15,"minecraft:sunflower":1,"minecraft:dirt":6,"minecraft:cobweb":14,"minecraft:netherrack":86,"minecraft:oak_leaves":2,"minecraft:deepslate":111},"minecraft:custom":{"minecraft:interact_with_anvil":6,"minecraft:mob_kills":103,"minecraft:interact_with_crafting_table":64,"minecraft:open_barrel":24,"minecraft:interact_with_campfire":28,"minecraft:bell_ring":5,"minecraft:leave_game":17,"minecraft:time_since_death":198838,"minecraft:climb_one_cm":6770,"minecraft:sprint_one_cm":774395,"minecraft:walk_one_cm":741555,"minecraft:damage_blocked_by_shield":2304,"minecraft:drop":91,"minecraft:talked_to_villager":1040,"minecraft:play_time":358025,"minecraft:sneak_time":15730,"minecraft:deaths":1,"minecraft:walk_under_water_one_cm":6410,"minecraft:boat_one_cm":51423,"minecraft:jump":7088,"minecraft:interact_with_blast_furnace":12,"minecraft:walk_on_water_one_cm":32741,"minecraft:total_world_time":358025,"minecraft:interact_with_furnace":49,"minecraft:traded_with_villager":337,"minecraft:interact_with_cartography_table":2,"minecraft:sleep_in_bed":22,"minecraft:time_since_rest":12990,"minecraft:damage_taken":4686,"minecraft:damage_dealt":24595,"minecraft:swim_one_cm":10239,"minecraft:fly_one_cm":1083984,"minecraft:player_kills":7,"minecraft:open_chest":172,"minecraft:crouch_one_cm":81166,"minecraft:fall_one_cm":184327},"minecraft:killed":{"minecraft:vex":2,"minecraft:cave_spider":4,"minecraft:witch":1,"minecraft:spider":11,"minecraft:skeleton":18,"minecraft:horse":1,"minecraft:piglin":9,"minecraft:pig":2,"minecraft:zombie_villager":1,"minecraft:iron_golem":6,"minecraft:wandering_trader":1,"minecraft:hoglin":1,"minecraft:creeper":2,"minecraft:sheep":8,"minecraft:zombie":27,"minecraft:wither_skeleton":3,"minecraft:cow":2}},"DataVersion":3953}