{"stats":{"minecraft:dropped":{"minecraft:iron_sword":3,"minecraft:lapis_lazuli":10,"minecraft:crafting_table":1,"minecraft:cooked_porkchop":11,"minecraft:crossbow":1,"minecraft:glow_berries":17,"minecraft:warped_roots":5,"minecraft:rooted_dirt":1,"minecraft:leather":8,"minecraft:red_mushroom":1,"minecraft:cracked_polished_blackstone_bricks":24,"minecraft:dirt":5,"minecraft:gray_concrete":1,"minecraft:crimson_roots":1,"minecraft:gold_nugget":13,"minecraft:bone_meal":41,"minecraft:bone_block":45,"minecraft:sunflower":1,"minecraft:polished_blackstone_bricks":25,"minecraft:iron_pickaxe":1,"minecraft:white_wool":4,"minecraft:gold_ingot":8,"minecraft:bone":30,"minecraft:oak_door":1,"minecraft:stone_axe":1,"minecraft:blackstone":9,"minecraft:golden_chestplate":1,"minecraft:cobbled_deepslate":25,"minecraft:wheat":21,"minecraft:obsidian":11,"minecraft:rotten_flesh":7,"minecraft:oak_planks":2,"minecraft:cooked_mutton":1,"minecraft:white_bed":1,"minecraft:carrot":118,"minecraft:poppy":8,"minecraft:basalt":5,"minecraft:arrow":8,"minecraft:quartz":9,"minecraft:netherrack":29,"minecraft:golden_boots":1,"minecraft:wheat_seeds":9,"minecraft:golden_helmet":1,"minecraft:poisonous_potato":2,"minecraft:golden_axe":1,"minecraft:iron_helmet":1,"minecraft:cobblestone":6,"minecraft:lead":1,"minecraft:book":22,"minecraft:spectral_arrow":1,"minecraft:golden_apple":1,"minecraft:golden_carrot":15,"minecraft:smooth_quartz":3,"minecraft:iron_axe":1,"minecraft:paper":1,"minecraft:string":2,"minecraft:spruce_sapling":16,"minecraft:smooth_basalt":1,"minecraft:redstone":1,"minecraft:moss_carpet":1,"minecraft:coarse_dirt":7,"minecraft:tuff":3,"minecraft:light_gray_wool":2,"minecraft:iron_boots":1,"minecraft:cherry_slab":4,"minecraft:white_terracotta":1,"minecraft:diamond_sword":1,"minecraft:iron_chestplate":1,"minecraft:andesite":2,"minecraft:oak_sapling":1,"minecraft:golden_sword":2,"minecraft:spider_eye":3,"minecraft:red_sand":2,"minecraft:bow":1,"minecraft:wooden_pickaxe":1,"minecraft:raw_gold":25},"minecraft:broken":{"minecraft:stone_axe":1},"minecraft:used":{"minecraft:red_sand":1,"minecraft:spruce_slab":9,"minecraft:diamond_hoe":3,"minecraft:chest":2,"minecraft:white_terracotta":11,"minecraft:shield":104,"minecraft:iron_sword":117,"minecraft:rotten_flesh":2,"minecraft:iron_chestplate":1,"minecraft:carrot":75,"minecraft:spruce_boat":2,"minecraft:cyan_terracotta":6,"minecraft:furnace":6,"minecraft:oak_planks":48,"minecraft:stone_pickaxe":116,"minecraft:blackstone":102,"minecraft:wooden_pickaxe":3,"minecraft:composter":1,"minecraft:diamond_axe":2747,"minecraft:sugar_cane":8,"minecraft:glow_berries":32,"minecraft:blast_furnace":4,"minecraft:crossbow":23,"minecraft:string":1,"minecraft:bread":5,"minecraft:lectern":500,"minecraft:diamond_sword":301,"minecraft:grindstone":1,"minecraft:oak_boat":2,"minecraft:coarse_dirt":2,"minecraft:bone_meal":88,"minecraft:cherry_boat":4,"minecraft:spruce_planks":149,"minecraft:torch":43,"minecraft:brewing_stand":3,"minecraft:dirt":96,"minecraft:anvil":2,"minecraft:chipped_anvil":1,"minecraft:bookshelf":1,"minecraft:rooted_dirt":1,"minecraft:iron_axe":280,"minecraft:cherry_slab":6,"minecraft:iron_boots":1,"minecraft:golden_carrot":73,"minecraft:beef":1,"minecraft:cooked_beef":6,"minecraft:cobbled_deepslate":174,"minecraft:calcite":17,"minecraft:wheat_seeds":111,"minecraft:cooked_mutton":10,"minecraft:baked_potato":13,"minecraft:cartography_table":4,"minecraft:cherry_planks":30,"minecraft:crafting_table":13,"minecraft:white_bed":4,"minecraft:campfire":3,"minecraft:spruce_log":8,"minecraft:diamond_pickaxe":941,"minecraft:iron_pickaxe":98,"minecraft:spruce_sapling":153,"minecraft:stone_axe":175,"minecraft:cobblestone":151,"minecraft:cooked_porkchop":5},"minecraft:crafted":{"minecraft:oak_planks":68,"minecraft:cherry_slab":12,"minecraft:cherry_boat":1,"minecraft:bookshelf":6,"minecraft:cooked_mutton":2,"minecraft:diamond_helmet":2,"minecraft:diamond_leggings":2,"minecraft:bow":1,"minecraft:iron_boots":1,"minecraft:chest":2,"minecraft:emerald":580,"minecraft:cooked_porkchop":3,"minecraft:diamond_axe":2,"minecraft:crafting_table":7,"minecraft:spruce_planks":8959,"minecraft:wooden_pickaxe":1,"minecraft:campfire":3,"minecraft:cartography_table":1,"minecraft:lectern":4,"minecraft:iron_chestplate":2,"minecraft:paper":3,"minecraft:diamond_pickaxe":1,"minecraft:shield":2,"minecraft:stick":18202,"minecraft:iron_ingot":150,"minecraft:iron_block":6,"minecraft:gold_ingot":58,"minecraft:golden_carrot":109,"minecraft:cherry_planks":120,"minecraft:raw_iron":27,"minecraft:furnace":2,"minecraft:bone_meal":15,"minecraft:iron_axe":2,"minecraft:spruce_slab":6,"minecraft:stone_pickaxe":1,"minecraft:diamond_boots":2,"minecraft:spruce_boat":1,"minecraft:diamond_sword":1,"minecraft:stone_axe":2,"minecraft:enchanted_book":15,"minecraft:bread":5,"minecraft:air":0,"minecraft:oak_boat":1,"minecraft:gold_nugget":882,"minecraft:iron_leggings":1,"minecraft:anvil":2,"minecraft:white_bed":1,"minecraft:torch":36,"minecraft:diamond_chestplate":2},"minecraft:picked_up":{"minecraft:wheat":36,"minecraft:diamond_sword":1,"minecraft:lead":3,"minecraft:enchanted_book":3,"minecraft:brewing_stand":3,"minecraft:golden_sword":2,"minecraft:string":40,"minecraft:cherry_boat":4,"minecraft:red_sand":3,"minecraft:gold_nugget":419,"minecraft:cobbled_deepslate":143,"minecraft:spruce_planks":98,"minecraft:calcite":36,"minecraft:netherite_upgrade_smithing_template":1,"minecraft:smooth_quartz":3,"minecraft:furnace":6,"minecraft:golden_helmet":1,"minecraft:stick":69,"minecraft:composter":3,"minecraft:torch":10,"minecraft:porkchop":10,"minecraft:golden_axe":1,"minecraft:golden_chestplate":1,"minecraft:stone_sword":1,"minecraft:rotten_flesh":35,"minecraft:cyan_terracotta":11,"minecraft:white_terracotta":12,"minecraft:obsidian":18,"minecraft:snowball":1,"minecraft:cobblestone":173,"minecraft:magma_block":1,"minecraft:cooked_beef":4,"minecraft:cherry_planks":25,"minecraft:andesite":2,"minecraft:potato":5,"minecraft:tuff":3,"minecraft:gray_concrete":1,"minecraft:lapis_lazuli":139,"minecraft:dirt":107,"minecraft:name_tag":2,"minecraft:bone":30,"minecraft:chipped_anvil":1,"minecraft:wheat_seeds":120,"minecraft:raw_gold":43,"minecraft:glowstone_dust":41,"minecraft:oak_planks":19,"minecraft:cooked_porkchop":15,"minecraft:poisonous_potato":2,"minecraft:stripped_spruce_log":10,"minecraft:diamond":49,"minecraft:spruce_boat":2,"minecraft:cracked_polished_blackstone_bricks":24,"minecraft:crossbow":3,"minecraft:golden_apple":1,"minecraft:emerald":5,"minecraft:rooted_dirt":2,"minecraft:oak_sapling":1,"minecraft:cherry_slab":8,"minecraft:netherrack":168,"minecraft:crimson_roots":8,"minecraft:coarse_dirt":9,"minecraft:crafting_table":7,"minecraft:ladder":4,"minecraft:gold_block":19,"minecraft:moss_carpet":1,"minecraft:blackstone":111,"minecraft:cartography_table":3,"minecraft:beef":5,"minecraft:oak_boat":1,"minecraft:spruce_slab":15,"minecraft:poppy":8,"minecraft:light_gray_wool":2,"minecraft:lectern":496,"minecraft:sugar_cane":18,"minecraft:diamond_hoe":1,"minecraft:raw_iron":41,"minecraft:oak_door":2,"minecraft:polished_blackstone_bricks":25,"minecraft:carrot":451,"minecraft:redstone":16,"minecraft:iron_horse_armor":1,"minecraft:totem_of_undying":1,"minecraft:saddle":1,"minecraft:gold_ingot":23,"minecraft:glow_berries":17,"minecraft:mutton":10,"minecraft:white_wool":7,"minecraft:bone_block":103,"minecraft:basalt":5,"minecraft:golden_carrot":1,"minecraft:leather":10,"minecraft:red_mushroom":1,"minecraft:filled_map":1,"minecraft:oak_log":29,"minecraft:golden_boots":1,"minecraft:gunpowder":2,"minecraft:cooked_mutton":9,"minecraft:iron_ingot":25,"minecraft:mangrove_planks":2,"minecraft:iron_sword":3,"minecraft:book":11,"minecraft:smooth_basalt":1,"minecraft:quartz":51,"minecraft:raw_iron_block":3,"minecraft:soul_torch":5,"minecraft:spruce_sapling":156,"minecraft:blast_furnace":1,"minecraft:white_bed":4,"minecraft:spruce_log":2246,"minecraft:crying_obsidian":1,"minecraft:spider_eye":3,"minecraft:stone_axe":1,"minecraft:warped_roots":5,"minecraft:baked_potato":13,"minecraft:coal":67,"minecraft:hopper":3,"minecraft:sunflower":1},"minecraft:mined":{"minecraft:spruce_planks":74,"minecraft:white_bed":3,"minecraft:red_nether_bricks":1,"minecraft:obsidian":12,"minecraft:spruce_trapdoor":1,"minecraft:grass_block":11,"minecraft:cracked_polished_blackstone_bricks":25,"minecraft:composter":3,"minecraft:hopper":3,"minecraft:spawner":3,"minecraft:polished_blackstone_bricks":23,"minecraft:magma_block":1,"minecraft:raw_iron_block":3,"minecraft:glowstone":15,"minecraft:iron_ore":19,"minecraft:cobbled_deepslate":6,"minecraft:fire":12,"minecraft:moss_carpet":1,"minecraft:deepslate_lapis_ore":14,"minecraft:cave_vines":1,"minecraft:spruce_slab":15,"minecraft:tripwire":1,"minecraft:deepslate_redstone_ore":3,"minecraft:cyan_terracotta":13,"minecraft:blackstone":65,"minecraft:crimson_nylium":3,"minecraft:soul_fire":38,"minecraft:torch":5,"minecraft:blast_furnace":1,"minecraft:calcite":36,"minecraft:nether_quartz_ore":53,"minecraft:cobblestone":39,"minecraft:sugar_cane":9,"minecraft:oak_planks":17,"minecraft:wall_torch":2,"minecraft:cherry_slab":6,"minecraft:white_terracotta":11,"minecraft:light_weighted_pressure_plate":1,"minecraft:warped_nylium":1,"minecraft:wheat":58,"minecraft:oak_log":30,"minecraft:dirt":6,"minecraft:smooth_quartz":23,"minecraft:smooth_basalt":1,"minecraft:netherrack":205,"minecraft:oak_leaves":2,"minecraft:deepslate":111,"minecraft:nether_gold_ore":53,"minecraft:crying_obsidian":1,"minecraft:tuff":5,"minecraft:deepslate_diamond_ore":50,"minecraft:oak_door":1,"minecraft:crimson_roots":9,"minecraft:spruce_leaves":49,"minecraft:cartography_table":3,"minecraft:spruce_sapling":30,"minecraft:furnace":6,"minecraft:carrots":149,"minecraft:nether_sprouts":2,"minecraft:andesite":15,"minecraft:stripped_spruce_log":2,"minecraft:gold_block":19,"minecraft:bookshelf":1,"minecraft:potatoes":2,"minecraft:deepslate_iron_ore":23,"minecraft:stone":130,"minecraft:bone_block":111,"minecraft:gray_concrete":3,"minecraft:cherry_planks":25,"minecraft:basalt":5,"minecraft:crafting_table":7,"minecraft:short_grass":113,"minecraft:warped_roots":3,"minecraft:lectern":496,"minecraft:tall_grass":38,"minecraft:lapis_ore":6,"minecraft:red_terracotta":6,"minecraft:coarse_dirt":2,"minecraft:spruce_log":2229,"minecraft:mangrove_planks":2,"minecraft:coal_ore":29,"minecraft:sunflower":1,"minecraft:cobweb":26,"minecraft:iron_trapdoor":1},"minecraft:custom":{"minecraft:interact_with_crafting_table":73,"minecraft:open_barrel":84,"minecraft:bell_ring":5,"minecraft:leave_game":18,"minecraft:time_since_death":331576,"minecraft:sprint_one_cm":1270235,"minecraft:damage_blocked_by_shield":3610,"minecraft:drop":134,"minecraft:talked_to_villager":1146,"minecraft:play_time":490763,"minecraft:deaths":1,"minecraft:jump":10368,"minecraft:walk_on_water_one_cm":32927,"minecraft:enchant_item":2,"minecraft:interact_with_furnace":50,"minecraft:traded_with_villager":601,"minecraft:interact_with_cartography_table":2,"minecraft:interact_with_loom":1,"minecraft:sleep_in_bed":27,"minecraft:damage_dealt":41818,"minecraft:player_kills":7,"minecraft:crouch_one_cm":99371,"minecraft:mob_kills":209,"minecraft:interact_with_anvil":27,"minecraft:interact_with_campfire":28,"minecraft:climb_one_cm":11734,"minecraft:walk_one_cm":1063863,"minecraft:damage_dealt_absorbed":1693,"minecraft:sneak_time":22662,"minecraft:walk_under_water_one_cm":6410,"minecraft:boat_one_cm":51423,"minecraft:interact_with_blast_furnace":34,"minecraft:total_world_time":490763,"minecraft:interact_with_grindstone":3,"minecraft:time_since_rest":79896,"minecraft:damage_taken":7172,"minecraft:swim_one_cm":10239,"minecraft:fly_one_cm":1657616,"minecraft:open_chest":285,"minecraft:fall_one_cm":289254},"minecraft:killed":{"minecraft:cave_spider":4,"minecraft:witch":1,"minecraft:spider":11,"minecraft:skeleton":24,"minecraft:illusioner":1,"minecraft:piglin_brute":3,"minecraft:magma_cube":11,"minecraft:piglin":25,"minecraft:pig":4,"minecraft:zombie_villager":1,"minecraft:iron_golem":6,"minecraft:creeper":2,"minecraft:sheep":8,"minecraft:pillager":27,"minecraft:zombie":29,"minecraft:ghast":7,"minecraft:blaze":7,"minecraft:cow":2,"minecraft:vex":7,"minecraft:evoker":1,"minecraft:vindicator":6,"minecraft:horse":1,"minecraft:wandering_trader":1,"minecraft:hoglin":4,"minecraft:wither_skeleton":3}},"DataVersion":3953}