{"stats":{"minecraft:dropped":{"minecraft:iron_sword":2,"minecraft:wheat_seeds":7,"minecraft:golden_helmet":1,"minecraft:crafting_table":1,"minecraft:poisonous_potato":2,"minecraft:lead":1,"minecraft:iron_helmet":1,"minecraft:cobblestone":6,"minecraft:glow_berries":17,"minecraft:book":22,"minecraft:rooted_dirt":1,"minecraft:leather":2,"minecraft:golden_apple":1,"minecraft:dirt":3,"minecraft:golden_carrot":10,"minecraft:gold_nugget":13,"minecraft:bone_meal":41,"minecraft:sunflower":1,"minecraft:iron_axe":1,"minecraft:iron_pickaxe":1,"minecraft:string":2,"minecraft:white_wool":4,"minecraft:spruce_sapling":16,"minecraft:gold_ingot":8,"minecraft:bone":21,"minecraft:oak_door":1,"minecraft:stone_axe":1,"minecraft:moss_carpet":1,"minecraft:coarse_dirt":7,"minecraft:cobbled_deepslate":25,"minecraft:tuff":3,"minecraft:wheat":21,"minecraft:obsidian":10,"minecraft:rotten_flesh":6,"minecraft:light_gray_wool":2,"minecraft:oak_planks":2,"minecraft:iron_boots":1,"minecraft:cooked_mutton":1,"minecraft:white_terracotta":1,"minecraft:white_bed":1,"minecraft:carrot":115,"minecraft:poppy":4,"minecraft:iron_chestplate":1,"minecraft:andesite":2,"minecraft:oak_sapling":1,"minecraft:spider_eye":3,"minecraft:bow":1,"minecraft:basalt":1,"minecraft:arrow":1,"minecraft:wooden_pickaxe":1,"minecraft:raw_gold":25},"minecraft:broken":{"minecraft:stone_axe":1},"minecraft:used":{"minecraft:spruce_slab":9,"minecraft:diamond_hoe":3,"minecraft:spruce_planks":136,"minecraft:white_terracotta":11,"minecraft:shield":56,"minecraft:iron_sword":117,"minecraft:rotten_flesh":2,"minecraft:iron_chestplate":1,"minecraft:torch":43,"minecraft:brewing_stand":3,"minecraft:dirt":96,"minecraft:carrot":47,"minecraft:spruce_boat":2,"minecraft:rooted_dirt":1,"minecraft:chipped_anvil":1,"minecraft:iron_axe":280,"minecraft:cherry_slab":4,"minecraft:iron_boots":1,"minecraft:golden_carrot":30,"minecraft:beef":1,"minecraft:furnace":6,"minecraft:cooked_beef":6,"minecraft:cobbled_deepslate":110,"minecraft:calcite":17,"minecraft:cooked_mutton":10,"minecraft:wheat_seeds":111,"minecraft:baked_potato":13,"minecraft:stone_pickaxe":116,"minecraft:oak_planks":48,"minecraft:cherry_planks":13,"minecraft:wooden_pickaxe":3,"minecraft:composter":1,"minecraft:diamond_axe":1485,"minecraft:glow_berries":32,"minecraft:crafting_table":12,"minecraft:blast_furnace":4,"minecraft:white_bed":4,"minecraft:campfire":3,"minecraft:spruce_log":8,"minecraft:diamond_pickaxe":423,"minecraft:bread":5,"minecraft:string":1,"minecraft:iron_pickaxe":98,"minecraft:lectern":482,"minecraft:spruce_sapling":55,"minecraft:stone_axe":175,"minecraft:cobblestone":151,"minecraft:cooked_porkchop":3,"minecraft:oak_boat":2,"minecraft:coarse_dirt":2,"minecraft:bone_meal":88},"minecraft:picked_up":{"minecraft:crafting_table":7,"minecraft:coarse_dirt":9,"minecraft:wheat":36,"minecraft:lead":3,"minecraft:brewing_stand":3,"minecraft:string":30,"minecraft:moss_carpet":1,"minecraft:gold_nugget":7,"minecraft:cobbled_deepslate":143,"minecraft:spruce_planks":70,"minecraft:beef":5,"minecraft:oak_boat":1,"minecraft:calcite":36,"minecraft:poppy":5,"minecraft:light_gray_wool":2,"minecraft:spruce_slab":12,"minecraft:lectern":479,"minecraft:diamond_hoe":1,"minecraft:furnace":6,"minecraft:golden_helmet":1,"minecraft:stick":33,"minecraft:raw_iron":36,"minecraft:oak_door":2,"minecraft:composter":3,"minecraft:torch":10,"minecraft:porkchop":10,"minecraft:carrot":324,"minecraft:redstone":15,"minecraft:iron_horse_armor":1,"minecraft:stone_sword":1,"minecraft:rotten_flesh":33,"minecraft:saddle":1,"minecraft:gold_ingot":10,"minecraft:white_terracotta":12,"minecraft:glow_berries":17,"minecraft:obsidian":17,"minecraft:mutton":10,"minecraft:snowball":1,"minecraft:white_wool":7,"minecraft:cobblestone":171,"minecraft:magma_block":1,"minecraft:cooked_beef":4,"minecraft:basalt":1,"minecraft:cherry_planks":5,"minecraft:golden_carrot":1,"minecraft:andesite":2,"minecraft:leather":4,"minecraft:potato":5,"minecraft:filled_map":1,"minecraft:tuff":3,"minecraft:oak_log":29,"minecraft:gunpowder":2,"minecraft:lapis_lazuli":134,"minecraft:dirt":107,"minecraft:name_tag":2,"minecraft:cooked_mutton":9,"minecraft:bone":21,"minecraft:chipped_anvil":1,"minecraft:wheat_seeds":118,"minecraft:raw_gold":43,"minecraft:iron_ingot":13,"minecraft:glowstone_dust":41,"minecraft:iron_sword":2,"minecraft:oak_planks":19,"minecraft:book":7,"minecraft:quartz":42,"minecraft:poisonous_potato":2,"minecraft:stripped_spruce_log":9,"minecraft:spruce_sapling":56,"minecraft:white_bed":4,"minecraft:spruce_log":1092,"minecraft:crying_obsidian":1,"minecraft:spider_eye":3,"minecraft:spruce_boat":2,"minecraft:diamond":49,"minecraft:stone_axe":1,"minecraft:crossbow":1,"minecraft:golden_apple":1,"minecraft:rooted_dirt":2,"minecraft:baked_potato":13,"minecraft:cherry_slab":2,"minecraft:oak_sapling":1,"minecraft:netherrack":86,"minecraft:coal":48,"minecraft:crimson_roots":7,"minecraft:sunflower":1},"minecraft:crafted":{"minecraft:golden_carrot":71,"minecraft:cherry_planks":120,"minecraft:oak_planks":68,"minecraft:cherry_slab":6,"minecraft:furnace":2,"minecraft:bone_meal":15,"minecraft:bookshelf":3,"minecraft:cooked_mutton":2,"minecraft:bow":1,"minecraft:diamond_helmet":2,"minecraft:iron_boots":1,"minecraft:diamond_leggings":2,"minecraft:iron_axe":2,"minecraft:spruce_slab":6,"minecraft:stone_pickaxe":1,"minecraft:diamond_boots":2,"minecraft:spruce_boat":1,"minecraft:emerald":244,"minecraft:cooked_porkchop":3,"minecraft:diamond_axe":1,"minecraft:crafting_table":6,"minecraft:spruce_planks":4079,"minecraft:wooden_pickaxe":1,"minecraft:campfire":3,"minecraft:stone_axe":2,"minecraft:enchanted_book":7,"minecraft:bread":5,"minecraft:air":0,"minecraft:oak_boat":1,"minecraft:lectern":3,"minecraft:iron_chestplate":2,"minecraft:diamond_pickaxe":1,"minecraft:gold_nugget":594,"minecraft:shield":2,"minecraft:stick":8343,"minecraft:iron_ingot":53,"minecraft:iron_leggings":1,"minecraft:gold_ingot":43,"minecraft:white_bed":1,"minecraft:torch":36,"minecraft:diamond_chestplate":2},"minecraft:mined":{"minecraft:crying_obsidian":1,"minecraft:tuff":5,"minecraft:spruce_planks":62,"minecraft:white_bed":3,"minecraft:deepslate_diamond_ore":50,"minecraft:oak_door":1,"minecraft:obsidian":12,"minecraft:spruce_trapdoor":1,"minecraft:grass_block":11,"minecraft:crimson_roots":8,"minecraft:spruce_leaves":9,"minecraft:composter":3,"minecraft:spawner":1,"minecraft:magma_block":1,"minecraft:glowstone":15,"minecraft:spruce_sapling":25,"minecraft:furnace":6,"minecraft:carrots":121,"minecraft:iron_ore":14,"minecraft:fire":1,"minecraft:cobbled_deepslate":6,"minecraft:andesite":15,"minecraft:stripped_spruce_log":1,"minecraft:moss_carpet":1,"minecraft:deepslate_lapis_ore":14,"minecraft:potatoes":2,"minecraft:cave_vines":1,"minecraft:deepslate_iron_ore":23,"minecraft:stone":128,"minecraft:spruce_slab":12,"minecraft:tripwire":1,"minecraft:deepslate_redstone_ore":3,"minecraft:cherry_planks":5,"minecraft:blackstone":1,"minecraft:basalt":1,"minecraft:crafting_table":7,"minecraft:torch":5,"minecraft:short_grass":94,"minecraft:calcite":36,"minecraft:lectern":479,"minecraft:nether_quartz_ore":46,"minecraft:tall_grass":37,"minecraft:cobblestone":39,"minecraft:lapis_ore":6,"minecraft:oak_planks":17,"minecraft:wall_torch":2,"minecraft:cherry_slab":2,"minecraft:white_terracotta":11,"minecraft:coarse_dirt":2,"minecraft:wheat":58,"minecraft:spruce_log":1072,"minecraft:oak_log":30,"minecraft:coal_ore":15,"minecraft:sunflower":1,"minecraft:dirt":6,"minecraft:cobweb":14,"minecraft:netherrack":86,"minecraft:oak_leaves":2,"minecraft:deepslate":111},"minecraft:custom":{"minecraft:interact_with_anvil":5,"minecraft:mob_kills":96,"minecraft:interact_with_crafting_table":58,"minecraft:open_barrel":24,"minecraft:interact_with_campfire":28,"minecraft:leave_game":17,"minecraft:time_since_death":162838,"minecraft:climb_one_cm":6770,"minecraft:sprint_one_cm":703618,"minecraft:walk_one_cm":653422,"minecraft:damage_blocked_by_shield":2304,"minecraft:drop":83,"minecraft:talked_to_villager":1010,"minecraft:play_time":322025,"minecraft:sneak_time":14477,"minecraft:deaths":1,"minecraft:walk_under_water_one_cm":6410,"minecraft:boat_one_cm":51423,"minecraft:jump":6400,"minecraft:interact_with_blast_furnace":3,"minecraft:walk_on_water_one_cm":32741,"minecraft:total_world_time":322025,"minecraft:interact_with_furnace":49,"minecraft:traded_with_villager":254,"minecraft:sleep_in_bed":20,"minecraft:time_since_rest":14339,"minecraft:damage_taken":4452,"minecraft:damage_dealt":21190,"minecraft:swim_one_cm":10239,"minecraft:fly_one_cm":961799,"minecraft:player_kills":7,"minecraft:open_chest":147,"minecraft:crouch_one_cm":77913,"minecraft:fall_one_cm":164809},"minecraft:killed":{"minecraft:vex":2,"minecraft:cave_spider":4,"minecraft:witch":1,"minecraft:spider":11,"minecraft:skeleton":17,"minecraft:horse":1,"minecraft:piglin":9,"minecraft:pig":2,"minecraft:zombie_villager":1,"minecraft:iron_golem":3,"minecraft:wandering_trader":1,"minecraft:hoglin":1,"minecraft:creeper":2,"minecraft:sheep":8,"minecraft:zombie":24,"minecraft:wither_skeleton":3,"minecraft:cow":2}},"DataVersion":3953}