{"stats":{"minecraft:dropped":{"minecraft:iron_sword":2,"minecraft:crafting_table":1,"minecraft:glow_berries":17,"minecraft:rooted_dirt":1,"minecraft:leather":2,"minecraft:dirt":5,"minecraft:gold_nugget":13,"minecraft:bone_meal":41,"minecraft:bone_block":45,"minecraft:sunflower":1,"minecraft:iron_pickaxe":1,"minecraft:white_wool":4,"minecraft:gold_ingot":8,"minecraft:bone":21,"minecraft:oak_door":1,"minecraft:stone_axe":1,"minecraft:cobbled_deepslate":25,"minecraft:wheat":21,"minecraft:obsidian":10,"minecraft:rotten_flesh":7,"minecraft:oak_planks":2,"minecraft:cooked_mutton":1,"minecraft:white_bed":1,"minecraft:carrot":118,"minecraft:poppy":8,"minecraft:basalt":1,"minecraft:arrow":1,"minecraft:wheat_seeds":9,"minecraft:golden_helmet":1,"minecraft:poisonous_potato":2,"minecraft:iron_helmet":1,"minecraft:cobblestone":6,"minecraft:lead":1,"minecraft:book":22,"minecraft:golden_apple":1,"minecraft:golden_carrot":10,"minecraft:iron_axe":1,"minecraft:paper":1,"minecraft:string":2,"minecraft:spruce_sapling":16,"minecraft:moss_carpet":1,"minecraft:coarse_dirt":7,"minecraft:tuff":3,"minecraft:light_gray_wool":2,"minecraft:iron_boots":1,"minecraft:white_terracotta":1,"minecraft:iron_chestplate":1,"minecraft:andesite":2,"minecraft:oak_sapling":1,"minecraft:spider_eye":3,"minecraft:bow":1,"minecraft:wooden_pickaxe":1,"minecraft:raw_gold":25},"minecraft:broken":{"minecraft:stone_axe":1},"minecraft:used":{"minecraft:spruce_slab":9,"minecraft:diamond_hoe":3,"minecraft:chest":2,"minecraft:shield":64,"minecraft:white_terracotta":11,"minecraft:iron_sword":117,"minecraft:rotten_flesh":2,"minecraft:iron_chestplate":1,"minecraft:carrot":75,"minecraft:spruce_boat":2,"minecraft:furnace":6,"minecraft:stone_pickaxe":116,"minecraft:oak_planks":48,"minecraft:wooden_pickaxe":3,"minecraft:composter":1,"minecraft:diamond_axe":2747,"minecraft:sugar_cane":8,"minecraft:glow_berries":32,"minecraft:blast_furnace":4,"minecraft:bread":5,"minecraft:string":1,"minecraft:lectern":500,"minecraft:diamond_sword":43,"minecraft:grindstone":1,"minecraft:oak_boat":2,"minecraft:coarse_dirt":2,"minecraft:bone_meal":88,"minecraft:spruce_planks":149,"minecraft:torch":43,"minecraft:brewing_stand":3,"minecraft:dirt":96,"minecraft:anvil":2,"minecraft:chipped_anvil":1,"minecraft:bookshelf":1,"minecraft:iron_axe":280,"minecraft:cherry_slab":6,"minecraft:rooted_dirt":1,"minecraft:iron_boots":1,"minecraft:golden_carrot":41,"minecraft:beef":1,"minecraft:cooked_beef":6,"minecraft:cobbled_deepslate":110,"minecraft:calcite":17,"minecraft:wheat_seeds":111,"minecraft:cooked_mutton":10,"minecraft:baked_potato":13,"minecraft:cartography_table":4,"minecraft:cherry_planks":30,"minecraft:crafting_table":12,"minecraft:campfire":3,"minecraft:white_bed":4,"minecraft:spruce_log":8,"minecraft:diamond_pickaxe":612,"minecraft:iron_pickaxe":98,"minecraft:spruce_sapling":153,"minecraft:stone_axe":175,"minecraft:cobblestone":151,"minecraft:cooked_porkchop":5},"minecraft:crafted":{"minecraft:oak_planks":68,"minecraft:cherry_slab":12,"minecraft:bookshelf":6,"minecraft:cooked_mutton":2,"minecraft:diamond_helmet":2,"minecraft:diamond_leggings":2,"minecraft:bow":1,"minecraft:iron_boots":1,"minecraft:chest":2,"minecraft:emerald":580,"minecraft:cooked_porkchop":3,"minecraft:diamond_axe":2,"minecraft:crafting_table":6,"minecraft:spruce_planks":8959,"minecraft:wooden_pickaxe":1,"minecraft:campfire":3,"minecraft:cartography_table":1,"minecraft:lectern":4,"minecraft:diamond_pickaxe":1,"minecraft:iron_chestplate":2,"minecraft:paper":3,"minecraft:shield":2,"minecraft:stick":18202,"minecraft:iron_ingot":150,"minecraft:iron_block":6,"minecraft:gold_ingot":58,"minecraft:golden_carrot":109,"minecraft:cherry_planks":120,"minecraft:raw_iron":27,"minecraft:furnace":2,"minecraft:bone_meal":15,"minecraft:iron_axe":2,"minecraft:spruce_slab":6,"minecraft:stone_pickaxe":1,"minecraft:diamond_boots":2,"minecraft:spruce_boat":1,"minecraft:diamond_sword":1,"minecraft:stone_axe":2,"minecraft:enchanted_book":15,"minecraft:bread":5,"minecraft:air":0,"minecraft:oak_boat":1,"minecraft:gold_nugget":882,"minecraft:iron_leggings":1,"minecraft:anvil":2,"minecraft:white_bed":1,"minecraft:torch":36,"minecraft:diamond_chestplate":2},"minecraft:picked_up":{"minecraft:wheat":36,"minecraft:lead":3,"minecraft:brewing_stand":3,"minecraft:golden_sword":2,"minecraft:string":30,"minecraft:gold_nugget":290,"minecraft:cobbled_deepslate":143,"minecraft:spruce_planks":98,"minecraft:calcite":36,"minecraft:smooth_quartz":1,"minecraft:furnace":6,"minecraft:golden_helmet":1,"minecraft:stick":69,"minecraft:composter":3,"minecraft:torch":10,"minecraft:porkchop":10,"minecraft:stone_sword":1,"minecraft:rotten_flesh":35,"minecraft:white_terracotta":12,"minecraft:obsidian":17,"minecraft:snowball":1,"minecraft:cobblestone":173,"minecraft:magma_block":1,"minecraft:cooked_beef":4,"minecraft:cherry_planks":25,"minecraft:andesite":2,"minecraft:potato":5,"minecraft:tuff":3,"minecraft:lapis_lazuli":134,"minecraft:dirt":107,"minecraft:name_tag":2,"minecraft:bone":23,"minecraft:chipped_anvil":1,"minecraft:wheat_seeds":120,"minecraft:raw_gold":43,"minecraft:glowstone_dust":41,"minecraft:oak_planks":19,"minecraft:cooked_porkchop":11,"minecraft:poisonous_potato":2,"minecraft:stripped_spruce_log":10,"minecraft:diamond":49,"minecraft:spruce_boat":2,"minecraft:crossbow":1,"minecraft:golden_apple":1,"minecraft:rooted_dirt":2,"minecraft:oak_sapling":1,"minecraft:cherry_slab":6,"minecraft:netherrack":116,"minecraft:crimson_roots":8,"minecraft:coarse_dirt":9,"minecraft:crafting_table":7,"minecraft:ladder":2,"minecraft:moss_carpet":1,"minecraft:cartography_table":3,"minecraft:beef":5,"minecraft:oak_boat":1,"minecraft:poppy":8,"minecraft:spruce_slab":15,"minecraft:light_gray_wool":2,"minecraft:lectern":496,"minecraft:sugar_cane":18,"minecraft:diamond_hoe":1,"minecraft:raw_iron":41,"minecraft:oak_door":2,"minecraft:carrot":451,"minecraft:redstone":15,"minecraft:iron_horse_armor":1,"minecraft:saddle":1,"minecraft:gold_ingot":23,"minecraft:mutton":10,"minecraft:glow_berries":17,"minecraft:white_wool":7,"minecraft:bone_block":50,"minecraft:basalt":1,"minecraft:golden_carrot":1,"minecraft:leather":7,"minecraft:filled_map":1,"minecraft:oak_log":29,"minecraft:golden_boots":1,"minecraft:gunpowder":2,"minecraft:cooked_mutton":9,"minecraft:iron_ingot":25,"minecraft:mangrove_planks":2,"minecraft:iron_sword":2,"minecraft:book":11,"minecraft:quartz":51,"minecraft:raw_iron_block":3,"minecraft:spruce_sapling":156,"minecraft:blast_furnace":1,"minecraft:white_bed":4,"minecraft:spruce_log":2246,"minecraft:crying_obsidian":1,"minecraft:spider_eye":3,"minecraft:stone_axe":1,"minecraft:baked_potato":13,"minecraft:coal":67,"minecraft:hopper":3,"minecraft:sunflower":1},"minecraft:mined":{"minecraft:spruce_planks":74,"minecraft:white_bed":3,"minecraft:obsidian":12,"minecraft:spruce_trapdoor":1,"minecraft:grass_block":11,"minecraft:composter":3,"minecraft:hopper":3,"minecraft:spawner":1,"minecraft:magma_block":1,"minecraft:raw_iron_block":3,"minecraft:glowstone":15,"minecraft:cobbled_deepslate":6,"minecraft:iron_ore":19,"minecraft:fire":2,"minecraft:moss_carpet":1,"minecraft:deepslate_lapis_ore":14,"minecraft:cave_vines":1,"minecraft:spruce_slab":15,"minecraft:tripwire":1,"minecraft:deepslate_redstone_ore":3,"minecraft:blackstone":1,"minecraft:crimson_nylium":3,"minecraft:soul_fire":8,"minecraft:torch":5,"minecraft:blast_furnace":1,"minecraft:calcite":36,"minecraft:nether_quartz_ore":53,"minecraft:cobblestone":39,"minecraft:oak_planks":17,"minecraft:sugar_cane":9,"minecraft:wall_torch":2,"minecraft:cherry_slab":6,"minecraft:white_terracotta":11,"minecraft:warped_nylium":1,"minecraft:wheat":58,"minecraft:oak_log":30,"minecraft:dirt":6,"minecraft:smooth_quartz":1,"minecraft:netherrack":121,"minecraft:oak_leaves":2,"minecraft:deepslate":111,"minecraft:nether_gold_ore":53,"minecraft:crying_obsidian":1,"minecraft:tuff":5,"minecraft:deepslate_diamond_ore":50,"minecraft:oak_door":1,"minecraft:crimson_roots":9,"minecraft:spruce_leaves":49,"minecraft:cartography_table":3,"minecraft:spruce_sapling":30,"minecraft:furnace":6,"minecraft:carrots":149,"minecraft:andesite":15,"minecraft:stripped_spruce_log":2,"minecraft:bookshelf":1,"minecraft:potatoes":2,"minecraft:deepslate_iron_ore":23,"minecraft:stone":130,"minecraft:bone_block":51,"minecraft:cherry_planks":25,"minecraft:basalt":1,"minecraft:crafting_table":7,"minecraft:short_grass":113,"minecraft:lectern":496,"minecraft:tall_grass":38,"minecraft:lapis_ore":6,"minecraft:coarse_dirt":2,"minecraft:spruce_log":2229,"minecraft:mangrove_planks":2,"minecraft:coal_ore":29,"minecraft:sunflower":1,"minecraft:cobweb":14,"minecraft:iron_trapdoor":1},"minecraft:custom":{"minecraft:interact_with_crafting_table":72,"minecraft:open_barrel":24,"minecraft:bell_ring":5,"minecraft:leave_game":17,"minecraft:time_since_death":270838,"minecraft:sprint_one_cm":976032,"minecraft:damage_blocked_by_shield":2634,"minecraft:drop":92,"minecraft:talked_to_villager":1146,"minecraft:play_time":430025,"minecraft:deaths":1,"minecraft:jump":8797,"minecraft:walk_on_water_one_cm":32927,"minecraft:enchant_item":2,"minecraft:interact_with_furnace":50,"minecraft:traded_with_villager":601,"minecraft:interact_with_cartography_table":2,"minecraft:sleep_in_bed":27,"minecraft:damage_dealt":27450,"minecraft:player_kills":7,"minecraft:crouch_one_cm":88186,"minecraft:mob_kills":117,"minecraft:interact_with_anvil":27,"minecraft:interact_with_campfire":28,"minecraft:climb_one_cm":7169,"minecraft:walk_one_cm":885558,"minecraft:sneak_time":19582,"minecraft:walk_under_water_one_cm":6410,"minecraft:boat_one_cm":51423,"minecraft:interact_with_blast_furnace":34,"minecraft:total_world_time":430025,"minecraft:interact_with_grindstone":3,"minecraft:time_since_rest":19158,"minecraft:damage_taken":4933,"minecraft:swim_one_cm":10239,"minecraft:fly_one_cm":1395180,"minecraft:open_chest":263,"minecraft:fall_one_cm":234802},"minecraft:killed":{"minecraft:cave_spider":4,"minecraft:witch":1,"minecraft:spider":11,"minecraft:skeleton":19,"minecraft:piglin":17,"minecraft:pig":4,"minecraft:zombie_villager":1,"minecraft:iron_golem":6,"minecraft:creeper":2,"minecraft:sheep":8,"minecraft:zombie":27,"minecraft:cow":2,"minecraft:vex":2,"minecraft:horse":1,"minecraft:wandering_trader":1,"minecraft:hoglin":4,"minecraft:wither_skeleton":3}},"DataVersion":3953}