{
  "minecraft:recipes/decorations/crafting_table": {
    "criteria": {
      "unlock_right_away": "2024-10-18 21:40:24 +0000"
    },
    "done": true
  },
  "minecraft:adventure/adventuring_time": {
    "criteria": {
      "minecraft:cold_ocean": "2024-10-18 22:24:15 +0000",
      "minecraft:beach": "2024-10-18 22:24:36 +0000",
      "minecraft:forest": "2024-10-18 22:15:00 +0000",
      "minecraft:sparse_jungle": "2024-10-18 22:17:59 +0000",
      "minecraft:river": "2024-10-18 22:15:01 +0000",
      "minecraft:stony_shore": "2024-10-18 21:40:24 +0000",
      "minecraft:warm_ocean": "2024-10-27 18:00:27 +0000"
    },
    "done": false
  },
  "DataVersion": 3953
}